mysqldump: [Warning] Using a password on the command line interface can be insecure.
-- MySQL dump 10.13  Distrib 8.0.46, for Linux (x86_64)
--
-- Host: localhost    Database: defect_triage
-- ------------------------------------------------------
-- Server version	8.0.46

/*!40101 SET @OLD_CHARACTER_SET_CLIENT=@@CHARACTER_SET_CLIENT */;
/*!40101 SET @OLD_CHARACTER_SET_RESULTS=@@CHARACTER_SET_RESULTS */;
/*!40101 SET @OLD_COLLATION_CONNECTION=@@COLLATION_CONNECTION */;
/*!50503 SET NAMES utf8mb4 */;
/*!40103 SET @OLD_TIME_ZONE=@@TIME_ZONE */;
/*!40103 SET TIME_ZONE='+00:00' */;
/*!40014 SET @OLD_UNIQUE_CHECKS=@@UNIQUE_CHECKS, UNIQUE_CHECKS=0 */;
/*!40014 SET @OLD_FOREIGN_KEY_CHECKS=@@FOREIGN_KEY_CHECKS, FOREIGN_KEY_CHECKS=0 */;
/*!40101 SET @OLD_SQL_MODE=@@SQL_MODE, SQL_MODE='NO_AUTO_VALUE_ON_ZERO' */;
/*!40111 SET @OLD_SQL_NOTES=@@SQL_NOTES, SQL_NOTES=0 */;

--
-- Table structure for table `ai_suggestions`
--

DROP TABLE IF EXISTS `ai_suggestions`;
/*!40101 SET @saved_cs_client     = @@character_set_client */;
/*!50503 SET character_set_client = utf8mb4 */;
CREATE TABLE `ai_suggestions` (
  `id` bigint NOT NULL AUTO_INCREMENT,
  `content` text,
  `created_at` datetime(6) DEFAULT NULL,
  `modified_content` text,
  `review_note` text,
  `reviewed_at` datetime(6) DEFAULT NULL,
  `status` enum('ACCEPTED','MODIFIED','PENDING_REVIEW','REJECTED') NOT NULL,
  `type` enum('FIX_CONTENT','FIX_PLAN','INVESTIGATION_PATH','RETROSPECTIVE','ROOT_CAUSE','TEST_SUGGESTION') NOT NULL,
  `defect_id` bigint DEFAULT NULL,
  `reviewed_by` bigint DEFAULT NULL,
  `triggered_by` bigint DEFAULT NULL,
  PRIMARY KEY (`id`),
  KEY `FKeo23798if6fuftpo4nbqi9ydh` (`defect_id`),
  KEY `FKqy9gu1w0gyv0rdof0rjtdy73o` (`reviewed_by`),
  KEY `FK2k6irqvmcmhoo91u0epg275ru` (`triggered_by`),
  CONSTRAINT `FK2k6irqvmcmhoo91u0epg275ru` FOREIGN KEY (`triggered_by`) REFERENCES `users` (`id`),
  CONSTRAINT `FKeo23798if6fuftpo4nbqi9ydh` FOREIGN KEY (`defect_id`) REFERENCES `defects` (`id`),
  CONSTRAINT `FKqy9gu1w0gyv0rdof0rjtdy73o` FOREIGN KEY (`reviewed_by`) REFERENCES `users` (`id`)
) ENGINE=InnoDB DEFAULT CHARSET=utf8mb4 COLLATE=utf8mb4_0900_ai_ci;
/*!40101 SET character_set_client = @saved_cs_client */;

--
-- Dumping data for table `ai_suggestions`
--

LOCK TABLES `ai_suggestions` WRITE;
/*!40000 ALTER TABLE `ai_suggestions` DISABLE KEYS */;
/*!40000 ALTER TABLE `ai_suggestions` ENABLE KEYS */;
UNLOCK TABLES;

--
-- Table structure for table `attachments`
--

DROP TABLE IF EXISTS `attachments`;
/*!40101 SET @saved_cs_client     = @@character_set_client */;
/*!50503 SET character_set_client = utf8mb4 */;
CREATE TABLE `attachments` (
  `id` bigint NOT NULL AUTO_INCREMENT,
  `file_path` varchar(255) NOT NULL,
  `file_size` bigint DEFAULT NULL,
  `filename` varchar(255) NOT NULL,
  `mime_type` varchar(255) DEFAULT NULL,
  `original_filename` varchar(255) NOT NULL,
  `uploaded_at` datetime(6) DEFAULT NULL,
  `defect_id` bigint DEFAULT NULL,
  `uploaded_by` bigint DEFAULT NULL,
  PRIMARY KEY (`id`),
  KEY `FKcqn5qdwfpdvlitldujhlt3mm0` (`defect_id`),
  KEY `FKl3qeaqe1mykgrd4ltgmqthdkp` (`uploaded_by`),
  CONSTRAINT `FKcqn5qdwfpdvlitldujhlt3mm0` FOREIGN KEY (`defect_id`) REFERENCES `defects` (`id`),
  CONSTRAINT `FKl3qeaqe1mykgrd4ltgmqthdkp` FOREIGN KEY (`uploaded_by`) REFERENCES `users` (`id`)
) ENGINE=InnoDB DEFAULT CHARSET=utf8mb4 COLLATE=utf8mb4_0900_ai_ci;
/*!40101 SET character_set_client = @saved_cs_client */;

--
-- Dumping data for table `attachments`
--

LOCK TABLES `attachments` WRITE;
/*!40000 ALTER TABLE `attachments` DISABLE KEYS */;
/*!40000 ALTER TABLE `attachments` ENABLE KEYS */;
UNLOCK TABLES;

--
-- Table structure for table `defects`
--

DROP TABLE IF EXISTS `defects`;
/*!40101 SET @saved_cs_client     = @@character_set_client */;
/*!50503 SET character_set_client = utf8mb4 */;
CREATE TABLE `defects` (
  `id` bigint NOT NULL AUTO_INCREMENT,
  `actual_result` text,
  `affected_modules` varchar(255) DEFAULT NULL,
  `business_impact` int DEFAULT NULL,
  `closed_at` datetime(6) DEFAULT NULL,
  `created_at` datetime(6) DEFAULT NULL,
  `description` text,
  `environment` text,
  `expected_result` text,
  `fix_content` text,
  `fix_duration` int DEFAULT NULL,
  `fix_plan` text,
  `frequency` int DEFAULT NULL,
  `phenomenon` text,
  `priority` enum('P0','P1','P2','P3','P4') DEFAULT NULL,
  `regression_scope` text,
  `release_window` int DEFAULT NULL,
  `reproduction_steps` text,
  `root_cause_hypothesis` text,
  `severity` int DEFAULT NULL,
  `status` enum('ANALYZED','CLOSED','DRAFT','FIXED','IN_REPAIR','PLANNED','REOPENED','REPORTED','TRIAGING','VERIFIED') NOT NULL,
  `title` varchar(255) NOT NULL,
  `updated_at` datetime(6) DEFAULT NULL,
  `user_impact` int DEFAULT NULL,
  `verification_conclusion` text,
  `verification_result` text,
  `version` bigint DEFAULT NULL,
  `workaround` int DEFAULT NULL,
  `assignee_id` bigint DEFAULT NULL,
  `reporter_id` bigint DEFAULT NULL,
  `verifier_id` bigint DEFAULT NULL,
  PRIMARY KEY (`id`),
  KEY `FKcklga81kw0tu0egxauutoh8ft` (`assignee_id`),
  KEY `FKfu2c0j05qf313le0dgtdnwxgq` (`reporter_id`),
  KEY `FKr68v58cirqeuw0m2nni8v49nr` (`verifier_id`),
  CONSTRAINT `FKcklga81kw0tu0egxauutoh8ft` FOREIGN KEY (`assignee_id`) REFERENCES `users` (`id`),
  CONSTRAINT `FKfu2c0j05qf313le0dgtdnwxgq` FOREIGN KEY (`reporter_id`) REFERENCES `users` (`id`),
  CONSTRAINT `FKr68v58cirqeuw0m2nni8v49nr` FOREIGN KEY (`verifier_id`) REFERENCES `users` (`id`)
) ENGINE=InnoDB AUTO_INCREMENT=180 DEFAULT CHARSET=utf8mb4 COLLATE=utf8mb4_0900_ai_ci;
/*!40101 SET character_set_client = @saved_cs_client */;

--
-- Dumping data for table `defects`
--

LOCK TABLES `defects` WRITE;
/*!40000 ALTER TABLE `defects` DISABLE KEYS */;
INSERT INTO `defects` VALUES (1,'筛选条件全部重置为默认值，需要重新设置',NULL,2,NULL,'2026-06-14 08:45:58.183579','在用户管理列表页设置筛选条件后，切换Tab再返回，筛选条件被清空','Chrome 125 / Edge 125 / Firefox 127，Windows 11，React 19前端','返回用户管理页面后，之前设置的筛选条件保持不变',NULL,NULL,NULL,4,'用户管理列表页，设置部门+角色筛选条件，切换到其他Tab页后返回，之前设置的筛选条件全部丢失','P1',NULL,2,'1.进入用户管理页面\n2.设置部门=\'技术部\'，角色=\'工程师\'\n3.点击\'角色管理\'Tab\n4.点击\'用户管理\'Tab返回',NULL,3,'DRAFT','用户列表页筛选条件偶发重置','2026-06-14 08:45:58.183579',3,NULL,NULL,0,2,NULL,1,NULL),(2,'按钮被键盘完全遮挡，用户无法操作，只能收起键盘后才能点击',NULL,3,NULL,'2026-06-14 08:45:58.197606','在移动端浏览器中打开缺陷详情页，点击底部操作按钮时弹出的虚拟键盘遮挡了按钮区域','iOS 17 Safari / Android 14 Chrome，屏幕尺寸375×812及以下','弹出键盘后，确认/取消按钮自动上移到可见区域',NULL,NULL,NULL,5,'iOS Safari / Android Chrome，点击\'流转\'按钮时，弹出的确认表单中虚拟键盘遮挡了确认/取消按钮','P0',NULL,3,'1.用手机浏览器打开系统\n2.进入任意缺陷详情\n3.点击底部\'流转\'按钮\n4.在弹出的表单中点击输入框',NULL,4,'DRAFT','移动端H5页面底部按钮被虚拟键盘遮挡','2026-06-14 08:45:58.197606',4,NULL,NULL,0,1,NULL,1,NULL),(3,'列表无变化，手动刷新页面后才显示新状态',NULL,3,NULL,'2026-06-14 08:45:58.205204','对缺陷列表进行批量状态变更后，列表数据没有自动刷新，需手动F5刷新页面才能看到最新状态','生产环境 Chrome 125','列表自动刷新，被操作的3条缺陷状态更新为ANALYZED',NULL,NULL,NULL,2,'选中3条缺陷→点击批量操作→选择\'标记为已分析\'→确认→列表仍显示旧状态','P2',NULL,2,'1.在缺陷列表勾选3条状态为TRIAGING的缺陷\n2.点击批量操作按钮\n3.选择\'标记为已分析\'\n4.点击确认执行',NULL,3,'DRAFT','批量操作后列表未自动刷新','2026-06-14 08:45:58.205204',3,NULL,NULL,0,3,NULL,1,NULL),(4,'浏览器卡死约15秒后弹窗出现，期间无法进行任何操作',NULL,3,NULL,'2026-06-14 08:45:58.214860','点击附件缩略图预览大图时，浏览器CPU占用飙升至100%，页面无响应约15秒','Chrome 125 / Edge 125，Windows 11，内存16GB','弹窗在1-2秒内显示大图预览，可正常缩放和拖拽',NULL,NULL,NULL,3,'附件为8000×6000分辨率PNG截图，点击预览后浏览器卡死','P1',NULL,3,'1.上传一张高分辨率(8000×6000)PNG截图作为附件\n2.在缺陷详情页点击该附件缩略图\n3.等待预览弹窗出现',NULL,4,'DRAFT','附件预览大图时浏览器卡死','2026-06-14 08:45:58.214860',4,NULL,NULL,0,2,NULL,1,NULL),(5,'铃铛显示5条未读，通知中心内只有2条已读和1条未读',NULL,1,NULL,'2026-06-14 08:45:58.222534','顶部导航栏通知铃铛的未读数字显示5条，但点击进入通知中心后实际只有2条未读消息','全平台复现，Chrome 125 / Firefox 127，生产环境','铃铛未读数字与通知中心内未读消息数一致',NULL,NULL,NULL,2,'未读计数与通知中心内实际未读数不一致','P3',NULL,2,'1.等待接收多条通知\n2.查看顶栏铃铛显示的未读数\n3.点击铃铛进入通知中心\n4.对比未读消息数量',NULL,2,'DRAFT','通知中心未读计数与实际不符','2026-06-14 08:45:58.222534',3,NULL,NULL,0,4,NULL,1,NULL),(6,'验证码位置显示为裂图图标，右键查看图片返回404',NULL,5,NULL,'2026-06-14 08:45:58.227936','登录页面验证码区域显示裂图图标，用户无法看到验证码，导致无法登录','Chrome 125 / Edge 125 / Firefox 127，生产环境','验证码图片正常显示，用户可识别并输入',NULL,NULL,NULL,5,'访问登录页面，验证码图片位置显示为裂图占位符','P0',NULL,5,'1.打开浏览器访问登录页面\n2.观察验证码区域',NULL,5,'REPORTED','登录页面验证码图片不显示','2026-06-14 08:45:58.227936',5,NULL,NULL,0,1,NULL,1,NULL),(7,'新创建的缺陷在看板中超过2小时未体现',NULL,4,NULL,'2026-06-14 08:45:58.236676','首页统计看板展示的缺陷总数/各状态数量与缺陷列表实际数据不一致，延迟超过2小时','生产环境，Chrome 125','看板数据应在30秒内反映最新状态',NULL,NULL,NULL,3,'上午10点新增3条缺陷，看板的\'总缺陷数\'到12点才更新','P1',NULL,4,'1.查看首页统计看板的\'总缺陷数\'\n2.新创建一条缺陷\n3.返回首页观察看板数字',NULL,4,'REPORTED','数据看板统计数字延迟更新超过2小时','2026-06-14 08:45:58.236676',4,NULL,NULL,0,1,NULL,1,NULL),(8,'排序切换后自动跳回第1页',NULL,1,NULL,'2026-06-14 08:45:58.244533','在缺陷列表第3页按优先级排序后，排序条件变了但页面跳回了第1页，用户丢失了浏览位置','Chrome 125 / Firefox 127，生产环境','排序切换后保持当前页码不变',NULL,NULL,NULL,3,'在缺陷列表浏览到第3页时，点击列头切换排序方式，页面自动跳回第1页','P3',NULL,3,'1.进入缺陷列表，翻到第3页\n2.点击\'优先级\'列头切换排序\n3.观察页面跳转',NULL,2,'REPORTED','缺陷列表排序条件切换后分页重置到第1页','2026-06-14 08:45:58.244533',3,NULL,NULL,0,4,NULL,1,NULL),(9,'弹窗内容区域为空白，控制台无报错',NULL,2,NULL,'2026-06-14 08:45:58.253605','在Safari浏览器点击\'创建缺陷\'按钮后，弹窗打开但内容区域为空白，只能看到遮罩层','Safari 17.5，macOS Sonoma 14.5','弹窗内正常显示缺陷创建表单',NULL,NULL,NULL,3,'Safari浏览器下点击创建缺陷，弹窗背景显示但表单内容不渲染','P1',NULL,3,'1.使用Safari浏览器打开系统\n2.点击右下角\'+\'创建缺陷按钮\n3.等待弹窗动画完成',NULL,4,'REPORTED','缺陷创建弹窗在Safari浏览器偶发白屏','2026-06-14 08:45:58.253605',4,NULL,NULL,0,1,NULL,1,NULL),(10,'注册成功后超过30分钟未收到欢迎邮件',NULL,1,NULL,'2026-06-14 08:45:58.261903','新用户注册成功后系统提示\'已发送欢迎邮件\'，但用户邮箱（QQ邮箱/163邮箱）未收到任何邮件','所有浏览器，生产环境','注册成功后5分钟内收到欢迎邮件',NULL,NULL,NULL,2,'用QQ邮箱注册账号，注册成功后提示邮件已发送，但收件箱（含垃圾邮件）均未收到','P2',NULL,2,'1.使用QQ邮箱地址注册新账号\n2.完成注册表单提交\n3.查看注册成功提示\n4.登录QQ邮箱检查收件箱和垃圾箱',NULL,3,'REPORTED','注册成功后的欢迎邮件未收到','2026-06-14 08:45:58.261903',3,NULL,NULL,0,2,NULL,1,NULL),(11,'页面无任何反应，文件夹无法上传',NULL,1,NULL,'2026-06-14 08:45:58.270090','附件上传区域的拖拽功能只支持单个文件，拖放文件夹时无任何反应，也未给出提示','Windows 11，Chrome 125 / Edge 125','弹出提示\'不支持文件夹上传，请选择单个文件\'或自动提取文件夹内所有文件',NULL,NULL,NULL,2,'将包含多个截图文件的文件夹从资源管理器拖入上传区域，无任何反馈','P3',NULL,2,'1.在资源管理器中准备一个包含5张截图的文件夹\n2.将该文件夹拖入缺陷详情页的附件上传区域\n3.观察页面反应',NULL,2,'REPORTED','附件拖拽上传区域不支持文件夹拖放','2026-06-14 08:45:58.270090',2,NULL,NULL,0,4,NULL,1,NULL),(12,'每输入一个拼音字母列表就闪烁刷新一次',NULL,1,NULL,'2026-06-14 08:45:58.278618','在搜索框使用中文输入法输入时，每次按键都触发页面重新渲染，导致列表闪烁','Windows 11，搜狗输入法 / 微软拼音，Chrome 125','搜索仅在确认输入(回车或选词完成)后触发，输入过程中列表不闪烁',NULL,NULL,NULL,5,'使用搜狗输入法在搜索框输入中文关键词，每按一个字母列表区域就闪一下','P2',NULL,3,'1.在缺陷列表页点击搜索框\n2.切换到中文输入法\n3.输入\'登录页面\'观察列表区域',NULL,2,'REPORTED','搜索输入中文时页面频繁闪烁','2026-06-14 08:45:58.278618',3,NULL,NULL,0,4,NULL,1,NULL),(13,'头像显示为横向压扁的椭圆形，人物面部变形',NULL,1,NULL,'2026-06-14 08:45:58.285162','个人设置页上传头像时，裁剪工具裁剪出来的头像比例异常，显示为被压扁的椭圆','Chrome 125 / Safari 17.5，全平台','头像按裁剪区域等比例显示为圆形',NULL,NULL,NULL,2,'上传一张正方形照片，使用裁剪工具裁剪为圆形，保存后显示为横向压扁的椭圆','P3',NULL,2,'1.进入个人设置页面\n2.点击头像编辑\n3.上传一张600×600的正方形照片\n4.使用裁剪工具裁剪\n5.点击保存',NULL,2,'REPORTED','用户头像上传裁剪后变形','2026-06-14 08:45:58.285162',2,NULL,NULL,0,3,NULL,1,NULL),(14,'标题栏随内容滚动消失，需要滚回顶部才能看到标题和状态',NULL,2,NULL,'2026-06-14 08:45:58.291969','打开缺陷详情Sheet面板后向下滚动查看内容，顶部的缺陷标题和状态标签随滚动消失，无法快速确认当前查看的是哪条缺陷','Chrome 125，Windows 11','标题栏固定在Sheet面板顶部，始终可见(sticky header)',NULL,NULL,NULL,4,'Sheet面板内容较长时，向下滚动后顶部标题栏完全不可见','P2',NULL,3,'1.打开一条内容较长的缺陷详情Sheet\n2.向下滚动到修复方案区域\n3.观察顶部标题栏',NULL,2,'REPORTED','缺陷详情Sheet面板在滚动时顶部标题栏消失','2026-06-14 08:45:58.291969',3,NULL,NULL,0,3,NULL,1,NULL),(15,'返回0条结果，只有输入完整标题才能搜到',NULL,2,NULL,'2026-06-14 08:45:58.300908','知识库搜索仅支持精确匹配，输入\'登录\'搜不到标题为\'登录页面样式修复\'的知识条目','生产环境，所有浏览器','返回所有标题或内容包含\'登录\'关键词的知识条目',NULL,NULL,NULL,4,'知识库列表页搜索\'登录\'关键词，返回0条结果，但存在包含\'登录\'的知识条目','P2',NULL,3,'1.进入知识库页面\n2.在搜索框输入\'登录\'\n3.点击搜索',NULL,3,'REPORTED','知识库搜索不支持模糊匹配','2026-06-14 08:45:58.300908',3,NULL,NULL,0,3,NULL,1,NULL),(16,'部分500响应无任何日志记录',NULL,4,NULL,'2026-06-14 08:45:58.309439','部分API接口偶发性返回HTTP 500，但应用日志中无对应错误堆栈，排查困难','生产环境，Spring Boot 3.4 + JDK 21','所有异常被正确捕获并记录到日志',NULL,NULL,NULL,3,'/api/defects接口偶发返回500 Internal Server Error，查看应用日志/Sentry均无对应错误记录','P0',NULL,4,'1.持续请求/api/defects接口\n2.观察HTTP状态码\n3.出现500时立即查看应用日志',NULL,5,'REPORTED','API接口偶发返回500但无错误日志','2026-06-14 08:45:58.309439',4,NULL,NULL,0,1,NULL,1,NULL),(17,'只有4个预设选项，无法自定义日期范围',NULL,2,NULL,'2026-06-14 08:45:58.316621','缺陷列表的创建时间筛选只提供了\'今天/本周/本月/今年\'4个预设选项，无法选择自定义日期范围','全平台，生产环境','除了预设选项外，提供自定义日期范围选择器',NULL,NULL,NULL,4,'用户想筛选2026年5月1日至5月31日创建的缺陷，但筛选条件不支持自定义范围','P1',NULL,3,'1.进入缺陷列表\n2.点击\'创建时间\'筛选\n3.查看可选选项',NULL,3,'REPORTED','列表页筛选条件\'创建时间\'不支持自定义日期范围','2026-06-14 08:45:58.316621',3,NULL,NULL,0,2,NULL,1,NULL),(18,'workaround=1将优先级拉高到P1，不符合业务预期',NULL,3,NULL,'2026-06-14 08:45:58.325098','当\'规避方案\'分数为1（无规避方案）但\'严重程度\'为2（较低）时，自动计算的优先级偏高为P1','全平台','优先级计算公式应合理反映各维度权重，不会因单个低分项导致优先级过高',NULL,NULL,NULL,2,'severity=2, userImpact=2, businessImpact=2, frequency=2, workaround=1, releaseWindow=3 → 计算结果P1，但实际应为P2','P2',NULL,3,'1.创建一条severity较低的缺陷\n2.将workaround设为1（无规避方案）\n3.观察自动计算的优先级',NULL,3,'TRIAGING','缺陷优先级自动计算权重不合理','2026-06-14 08:45:58.325098',3,NULL,NULL,0,2,2,1,NULL),(19,'控制台报多个chunk JS文件404错误，页面白屏',NULL,5,NULL,'2026-06-14 08:45:58.336085','生产构建(npm run build)后部署到Nginx，部分chunk文件路径错误导致404','Vite 8 + Nginx 1.26，生产环境','所有静态资源正确加载，应用正常运行',NULL,NULL,NULL,5,'执行npm run build后，dist目录下部分JS chunk文件名与index.html引用不匹配','P0',NULL,5,'1.执行npm run build\n2.将dist目录部署到Nginx\n3.访问应用首页',NULL,5,'TRIAGING','前端打包后静态资源404','2026-06-14 08:45:58.336085',5,NULL,NULL,0,1,2,1,NULL),(20,'连接池耗尽，大量请求抛出Connection is not available异常',NULL,5,NULL,'2026-06-14 08:45:58.349249','压测500并发时，HikariCP连接池耗尽导致请求排队超时','生产环境，MySQL 8.0 + HikariCP','连接池配置合理，高并发下请求正常处理',NULL,NULL,NULL,3,'JMeter 500线程并发压测/api/defects接口，约30秒后大量请求超时','P0',NULL,5,'1.配置JMeter 500并发线程\n2.持续压测/api/defects接口\n3.观察应用日志和数据库连接数',NULL,5,'TRIAGING','数据库连接池在高并发下耗尽','2026-06-14 08:45:58.349249',5,NULL,NULL,0,1,2,1,NULL),(21,'无法手势滑动，必须精准拖到底部滚动条才能横向移动',NULL,2,NULL,'2026-06-14 08:45:58.361008','在手机浏览器中查看缺陷列表，表格列数较多时需要横向滚动，但滚动条不明显且不支持手势滑动','iOS Safari / Android Chrome，屏幕宽度小于768px','表格支持手势横向滑动，或响应式折叠次要列',NULL,NULL,NULL,5,'iPhone 15 Pro Safari，打开缺陷列表后需要横向滑动查看优先级/状态等列，但无法用滑动手势操作','P1',NULL,3,'1.用手机浏览器打开缺陷列表\n2.尝试横向滑动查看更多列',NULL,3,'TRIAGING','移动端表格横向滚动体验差','2026-06-14 08:45:58.361546',4,NULL,NULL,0,3,2,1,NULL),(22,'Token在有效期内仍可正常访问API',NULL,4,NULL,'2026-06-14 08:45:58.372142','用户点击退出登录后，前端清除了Token但后端未将其加入黑名单，该Token在有效期内仍可访问API','全平台，JWT认证机制','退出后Token立即失效，使用该Token请求API返回401',NULL,NULL,NULL,2,'退出登录后，用之前保存的JWT Token重新请求API，仍然返回200 OK','P1',NULL,4,'1.登录系统，从浏览器DevTools复制JWT Token\n2.点击退出登录\n3.用Postman携带该Token请求/api/defects',NULL,4,'TRIAGING','用户登出后JWT Token未失效','2026-06-14 08:45:58.372142',3,NULL,NULL,0,1,2,1,NULL),(23,'弹窗文字颜色与背景颜色相近，几乎不可读',NULL,2,NULL,'2026-06-14 08:45:58.383947','系统暗色模式下，流转确认弹窗的背景和文字颜色对比度不足，内容几乎不可见','Chrome 125，Windows 11，系统暗色模式','弹窗在暗色模式下文字清晰可见',NULL,NULL,NULL,4,'切换到暗色模式，点击流转按钮，弹窗中的标题和描述文字与深色背景融为一体','P1',NULL,2,'1.将操作系统切换为暗色模式\n2.打开系统\n3.进入缺陷详情\n4.点击流转按钮',NULL,3,'TRIAGING','缺陷流转确认弹窗在暗色模式下文字不可见','2026-06-14 08:45:58.383947',3,NULL,NULL,0,3,2,1,NULL),(24,'翻到第50页时响应时间超过5秒',NULL,2,NULL,'2026-06-14 08:45:58.395065','缺陷列表数据量大时(500条+)，翻到第50页后页面响应时间超过5秒','Chrome 125，生产环境','分页跳转在1秒内完成',NULL,NULL,NULL,2,'列表共550条缺陷，每页10条，翻到第50页时等待超过5秒才有响应','P2',NULL,2,'1.向数据库插入550条缺陷\n2.进入缺陷列表\n3.快速连续点击分页跳转到第50页',NULL,3,'TRIAGING','大列表分页性能：翻到第50页后响应极慢','2026-06-14 08:45:58.395065',3,NULL,NULL,0,3,2,1,NULL),(25,'URL参数延迟约2秒更新',NULL,1,NULL,'2026-06-14 08:45:58.405649','点击缺陷列表中的某个缺陷，Sheet面板已打开但浏览器URL栏的?defect=参数约2秒后才更新','Chrome 125 / Safari 17.5','URL参数与Sheet面板同步更新',NULL,NULL,NULL,3,'点击缺陷行，Sheet面板立即从右侧滑出，但URL参数延迟约2秒才从?defect=52变为?defect=68','P3',NULL,2,'1.打开缺陷列表\n2.点击某条缺陷打开Sheet\n3.立即观察浏览器URL栏',NULL,2,'TRIAGING','Sheet面板打开时URL参数更新延迟','2026-06-14 08:45:58.406180',2,NULL,NULL,0,3,2,1,NULL),(26,'进度环随窗口缩小而变形为椭圆',NULL,1,NULL,'2026-06-14 08:45:58.417211','调整浏览器窗口大小时，首页统计栏的SVG进度环变形为椭圆','Chrome 125 / Firefox 127，Windows 11','进度环始终保持正圆形',NULL,NULL,NULL,3,'将浏览器窗口从1920×1080缩小到1024×768，统计栏的进度环不再是正圆','P3',NULL,2,'1.打开系统首页\n2.调整浏览器窗口宽度从1920到1024\n3.观察统计栏进度环形状',NULL,1,'TRIAGING','统计栏进度环在窗口缩放时变形','2026-06-14 08:45:58.417211',1,NULL,NULL,0,4,2,1,NULL),(27,'超长标题撑破列表表格布局',NULL,1,NULL,'2026-06-14 08:45:58.430350','创建缺陷时标题字段无字符数限制，输入500+字符标题后，列表页标题列撑破表格布局','全平台','标题字段有合理字符数限制（如100字），超出时截断并提示',NULL,NULL,NULL,2,'创建缺陷时在标题字段粘贴500字长文本，提交后在列表页显示时标题撑破单元格宽度','P3',NULL,3,'1.点击创建缺陷\n2.在标题栏粘贴500字长文本\n3.提交缺陷\n4.进入列表页查看',NULL,2,'TRIAGING','缺陷标题输入框允许输入超长标题导致列表展示异常','2026-06-14 08:45:58.430350',3,NULL,NULL,0,4,2,1,NULL),(28,'/refresh接口每秒被调用数十次',NULL,3,NULL,'2026-06-14 08:45:58.441084','前端Axios拦截器在Token即将过期时不断调用refresh接口，导致refresh接口QPS异常高','生产环境，Spring Boot 3.4','Token刷新有合理的节流机制，不会频繁调用',NULL,NULL,NULL,5,'生产环境监控发现/refresh接口QPS达到500+，CPU占用80%','P1',NULL,4,'1.登录系统\n2.查看浏览器Network面板\n3.观察/refresh接口调用频率','Axios拦截器在Token到期前5分钟即开始尝试刷新，但刷新失败后未设置重试间隔，导致无限快速重试',4,'ANALYZED','Token刷新接口被频繁调用导致服务器CPU飙升','2026-06-14 08:46:01.341093',3,NULL,NULL,1,1,2,1,NULL),(29,'数据严重错列',NULL,3,NULL,'2026-06-14 08:45:58.454671','导出缺陷列表为CSV时，部分缺陷描述字段包含换行符\\n，导致CSV文件格式错乱，Excel打开后数据错列','Excel 365 / WPS，Windows 11','CSV中换行符被正确转义，Excel打开后数据显示正常',NULL,NULL,NULL,3,'缺陷描述字段包含多行文本，导出CSV后用Excel打开，后续所有列数据错位','P1',NULL,3,'1.创建一条描述包含多行文本的缺陷\n2.导出缺陷列表为CSV\n3.用Excel打开CSV文件','CSV导出工具未对字段内的换行符和逗号做转义处理，直接用String拼接',4,'ANALYZED','导出功能单元格内换行符导致CSV格式错乱','2026-06-14 08:46:01.345100',4,NULL,NULL,1,2,2,1,NULL),(30,'白屏1.5秒后内容突然出现',NULL,2,NULL,'2026-06-14 08:45:58.467099','刷新页面或首次加载时，页面先白屏约1-2秒后才渲染内容，体验类似于\'闪白\'','Chrome 125，生产环境','页面加载时显示骨架屏或Loading动画，无白屏',NULL,NULL,NULL,5,'刷新缺陷列表页时，浏览器白屏约1.5秒后才显示列表内容','P2',NULL,3,'1.清除浏览器缓存\n2.访问系统\n3.观察页面加载过程','React Suspense未配置fallback组件，JS bundle加载期间无任何UI渲染',2,'ANALYZED','页面加载时出现短暂白屏后闪出内容','2026-06-14 08:46:01.345100',3,NULL,NULL,1,3,2,1,NULL),(31,'两个设备都能同时正常操作，无任何提示',NULL,4,NULL,'2026-06-14 08:45:58.480573','同一个账号可以在Chrome、Edge、Safari上同时登录操作，无任何互踢或安全提示','全平台','后登录的设备提示\'该账号已在其他设备登录，是否踢下线\'或将原设备自动登出',NULL,NULL,NULL,2,'用engineer账号在Chrome和Firefox上同时登录，两边都能正常操作','P1',NULL,3,'1.在Chrome上用engineer账号登录\n2.在Firefox上用同一账号登录\n3.在两边分别操作','JWT Token生成时未绑定设备/Session标识，后端也未维护活跃Session列表',3,'ANALYZED','同一账号在多设备同时登录无互踢机制','2026-06-14 08:46:01.345100',3,NULL,NULL,1,1,2,1,NULL),(32,'进度条阶段性卡住，然后突然跳到100%',NULL,1,NULL,'2026-06-14 08:45:58.494009','在3G慢网络环境下上传5MB附件，进度条走到30%后卡住不动，约30秒后直接跳到100%','Chrome 125，Slow 3G网络','进度条平滑增长，真实反映上传进度',NULL,NULL,NULL,2,'切换Chrome DevTools网络限速为Slow 3G，上传5MB图片，进度条从30%直接跳到100%','P3',NULL,2,'1.打开Chrome DevTools→Network→限速Slow 3G\n2.上传5MB附件\n3.观察进度条变化','XMLHttpRequest的progress事件触发频率过低，前端未做进度平滑处理',2,'ANALYZED','附件上传进度条在慢网络下卡住不动','2026-06-14 08:46:01.346097',2,NULL,NULL,1,4,2,1,NULL),(33,'一次性加载全部数据，加载慢且查找困难',NULL,2,NULL,'2026-06-14 08:45:58.507581','创建缺陷时选择\'关联缺陷\'的下拉列表一次性加载全部500+条缺陷，加载时间超过3秒，且不支持搜索','生产环境，Chrome 125','下拉列表支持远程搜索，输入关键词后异步加载匹配结果',NULL,NULL,NULL,4,'点击关联缺陷下拉框，等待3秒后弹出一个500+条缺陷的列表，需要手动滚动找到目标','P2',NULL,3,'1.点击创建缺陷\n2.点击\'关联缺陷\'下拉框\n3.观察加载时间','前端Select组件未实现虚拟滚动和远程搜索，将全部缺陷数据一次性加载到DOM',3,'ANALYZED','关联缺陷下拉列表加载缓慢且不支持搜索','2026-06-14 08:46:01.346097',3,NULL,NULL,1,3,2,1,NULL),(34,'长URL撑破单元格宽度，出现横向滚动条',NULL,1,NULL,'2026-06-14 08:45:58.519416','缺陷标题或描述中包含长URL或连续英文字符串时，内容不自动换行，撑破表格列宽','Chrome 125 / Safari 17.5','长URL在单元格内自动换行，不撑破表格布局',NULL,NULL,NULL,3,'缺陷描述中包含一段很长的API URL（约200字符），表格列被撑开到远超屏幕宽度','P3',NULL,2,'1.创建一条描述包含长URL的缺陷\n2.进入缺陷列表\n3.观察表格列宽','CSS中缺少word-break:break-all或overflow-wrap:break-word属性',2,'ANALYZED','英文/数字连续字符不换行导致表格撑宽','2026-06-14 08:46:01.346097',2,NULL,NULL,1,4,2,1,NULL),(35,'时间显示为UTC时间，比实际时间少8小时',NULL,3,NULL,'2026-06-14 08:45:58.534034','所有页面的时间显示均为UTC时间，与北京时间差8小时','全平台，生产环境','时间显示为北京时间(UTC+8)',NULL,NULL,NULL,5,'缺陷列表的\'创建时间\'列显示为10:30，但实际北京时间是18:30','P1',NULL,4,'1.创建一条缺陷\n2.进入缺陷列表\n3.查看创建时间列','后端LocalDateTime序列化时未配置时区，Jackson默认使用UTC；前端moment/dayjs也未做时区转换',3,'ANALYZED','系统时间显示UTC时间而非北京时间','2026-06-14 08:46:01.346097',4,NULL,NULL,1,2,2,1,NULL),(36,'菜单不变，需手动刷新页面才能看到新菜单',NULL,2,NULL,'2026-06-14 08:45:58.545733','管理员修改用户角色后，该用户在不刷新页面的情况下看不到新的菜单项','全平台','角色变更后前端自动感知并更新菜单',NULL,NULL,NULL,2,'管理员将submitter角色改为engineer，该用户继续操作时仍只看到submitter的菜单','P2',NULL,3,'1.管理员修改用户A的角色\n2.用户A不刷新页面继续操作\n3.观察菜单变化','用户角色信息在登录时一次性加载到AuthContext，无定期刷新或推送更新机制',3,'ANALYZED','用户权限变更后不刷新页面仍显示旧菜单','2026-06-14 08:46:01.346097',3,NULL,NULL,1,2,2,1,NULL),(37,'只能逐个勾选，无全选功能',NULL,2,NULL,'2026-06-14 08:45:58.559591','缺陷列表只支持逐个勾选，没有\'全选当前页\'/\'全选所有页\'功能，批量操作效率低','全平台','列表提供\'全选当前页\'和\'全选所有页\'选项',NULL,NULL,NULL,4,'列表中每页10条，想批量操作50条缺陷需要手动勾选50次','P2',NULL,3,'1.进入缺陷列表\n2.查找\'全选\'功能\n3.尝试批量操作','TanStack Table的rowSelection已实现但UI层未暴露全选复选框',2,'ANALYZED','批量操作缺少全选当前页功能','2026-06-14 08:46:01.346097',3,NULL,NULL,1,3,2,1,NULL),(38,'部分字段显示陈旧数据',NULL,2,NULL,'2026-06-14 08:45:58.574619','执行流转操作后，Sheet面板中显示的缺陷状态已经更新，但部分字段(如根因分析)仍然显示流转前的内容','Chrome 125，生产环境','Sheet面板数据与数据库状态一致',NULL,NULL,NULL,2,'缺陷从ANALYZED流转到PLANNED后，rootCause字段在Sheet中显示为空，但实际数据库中已保存','P2',NULL,3,'1.打开一条ANALYZED状态的缺陷Sheet\n2.执行流转到PLANNED\n3.关闭Sheet后重新打开','流转API返回的Defect对象未包含@ManyToOne关联的更新字段，TanStack Query缓存未失效',3,'ANALYZED','流转操作后旧状态数据在Sheet面板中残留','2026-06-14 08:46:01.346097',3,NULL,NULL,1,2,2,1,NULL),(39,'SQL执行数量随缺陷数量线性增长',NULL,3,NULL,'2026-06-14 08:45:58.588396','缺陷列表API在查询缺陷时，对每条缺陷的reporter/assignee/verifier分别执行单独的SQL查询','生产环境，Spring Data JPA + Hibernate','使用JOIN或@EntityGraph一次性加载关联数据，SQL执行数不超过5条',NULL,NULL,NULL,5,'缺陷列表加载100条数据时，后台执行301次SQL查询（1次查缺陷+100×3次查用户）','P1',NULL,3,'1.打开浏览器DevTools Network面板\n2.进入缺陷列表页\n3.查看后端日志SQL执行数量','Defect实体的@ManyToOne默认FetchType.LAZY，列表查询时触发N+1问题',4,'ANALYZED','N+1查询：缺陷列表加载关联用户信息导致性能问题','2026-06-14 08:46:01.346097',3,NULL,NULL,1,1,2,1,NULL),(40,'缺少X-Content-Type-Options, X-Frame-Options, X-XSS-Protection等6个安全头',NULL,4,NULL,'2026-06-14 08:45:58.602896','安全扫描工具报告应用缺少X-Content-Type-Options、X-Frame-Options等安全响应头','全环境，Spring Boot 3.4','所有安全响应头正确配置',NULL,NULL,'在SecurityConfig中添加securityHeaders配置，启用所有必需的安全响应头',5,'用OWASP ZAP扫描系统，报告6个安全头缺失','P1',NULL,3,'1.使用OWASP ZAP扫描应用\n2.查看扫描报告中的安全头部分','Spring Security配置类未添加SecurityHeaders配置',3,'PLANNED','HTTP安全头缺失导致安全扫描不通过','2026-06-14 08:46:01.346097',2,NULL,NULL,1,1,2,1,NULL),(41,'DEBUG级别日志产生大量SQL和请求日志，一天写满磁盘',NULL,5,NULL,'2026-06-14 08:45:58.618729','生产环境日志级别配置为DEBUG，导致日志文件快速增长，一天内写满服务器磁盘','生产环境，Spring Boot 3.4 + Logback','生产环境日志级别为INFO或WARN，日志量在可控范围',NULL,NULL,'将生产环境日志级别改为WARN，关键业务日志INFO，同时配置日志滚动策略和大小限制',5,'生产服务器磁盘使用率告警，检查发现application.log单个文件达到50GB','P0',NULL,5,'1.部署应用后正常运行\n2.24小时后检查磁盘使用率\n3.查看日志文件大小','application.properties中logging.level.root设置为DEBUG，生产部署时未覆盖',5,'PLANNED','生产环境日志级别为DEBUG导致磁盘写满','2026-06-14 08:46:01.346097',3,NULL,NULL,1,1,2,1,NULL),(42,'中文文件名显示为乱码',NULL,2,NULL,'2026-06-14 08:45:58.637446','下载附件时，文件名中的中文字符在浏览器下载弹窗中显示为乱码','Chrome 125 / Edge 125，生产环境','下载文件名正确显示中文',NULL,NULL,'在FileService下载方法中对filename进行URLEncoder.encode处理，并设置filename*=UTF-8\'\'',4,'附件文件名为\'测试报告.docx\'，下载时浏览器显示为\'æµè¯æ¥å.docx\'','P1',NULL,3,'1.上传一个中文文件名的附件\n2.在缺陷详情页点击下载该附件\n3.观察浏览器下载弹窗中的文件名','Content-Disposition响应头中filename参数未进行URL编码',3,'PLANNED','附件下载文件名中文乱码','2026-06-14 08:46:01.347088',3,NULL,NULL,1,2,2,1,NULL),(43,'只显示\'上传失败\'，不知道具体原因',NULL,1,NULL,'2026-06-14 08:45:58.655348','创建缺陷时同时上传附件，上传失败后只显示\'上传失败\'，不告知具体原因（文件过大/类型不支持/网络错误）','Chrome 125，生产环境','根据失败原因给出具体提示，如\'文件大小超过5MB限制\'',NULL,NULL,'在FileService中针对不同异常类型返回具体错误信息，前端toast展示详细原因',2,'上传一个6MB文件（超过5MB限制），只提示\'上传失败\'','P3',NULL,2,'1.点击创建缺陷\n2.选择一个6MB的文件上传\n3.观察错误提示','后端FileService统一捕获异常后返回通用错误消息，未区分具体失败原因',2,'PLANNED','缺陷创建时附件上传失败无明确错误信息','2026-06-14 08:46:01.347088',3,NULL,NULL,1,4,2,1,NULL),(44,'页面完全无样式，体验极差',NULL,2,NULL,'2026-06-14 08:45:58.672602','CDN或网络问题导致CSS文件加载失败后，页面显示为完全无样式的纯文字，连基本布局都没有','Chrome 125，生产环境','CSS加载失败时至少有内联关键CSS保证基本布局可用',NULL,NULL,'将首屏Critical CSS内联到index.html的style标签中，确保CSS加载失败时基本布局可用',2,'模拟CSS文件请求返回404，页面显示为裸露的HTML，没有任何样式','P2',NULL,2,'1.使用Chrome DevTools阻止CSS文件加载\n2.刷新页面\n3.观察页面显示','所有CSS依赖外部CSS文件，未抽取Critical CSS内联到HTML中',2,'PLANNED','CSS文件加载失败导致页面完全无样式','2026-06-14 08:46:01.347088',3,NULL,NULL,1,3,2,1,NULL),(45,'多条Toast堆叠遮挡操作区域，只能等待自动消失',NULL,1,NULL,'2026-06-14 08:45:58.685335','短时间内触发多条Toast通知时，它们垂直堆叠在屏幕右上角，用户无法快速关闭中间某条，只能等自动消失','全平台','Toast支持手动点击关闭，或堆叠时自动合并为\'完成了3项操作\'',NULL,NULL,'实现Toast队列：同类Toast在2秒内连续触发时合并计数，超过3条时只显示最新1条+展开按钮',3,'连续创建3条缺陷后，3条成功Toast堆叠显示，持续5秒，挡住页面右上角操作区','P3',NULL,2,'1.连续快速执行多个操作触发Toast\n2.尝试关闭中间某条Toast\n3.观察交互体验','Toast组件无队列管理和合并机制，每条通知独立渲染',1,'PLANNED','Toast通知堆叠时用户难以逐个关闭','2026-06-14 08:46:01.347088',2,NULL,NULL,1,4,2,1,NULL),(46,'页面完全白屏，无任何提示',NULL,2,NULL,'2026-06-14 08:45:58.702061','虽然系统不要求支持IE11，但IE用户访问时页面完全白屏，连\'请使用现代浏览器\'的提示都没有','IE 11，Windows 10','显示\'您的浏览器版本过低，请使用Chrome/Edge/Firefox等现代浏览器\'的友好提示',NULL,NULL,'在index.html中添加<noscript>和浏览器检测脚本，不兼容时显示友好升级提示',1,'使用IE11打开系统，页面白屏，没有任何提示信息','P3',NULL,1,'1.使用IE11浏览器打开系统\n2.观察页面显示','index.html中无浏览器兼容性检测脚本，Vite打包的ES模块IE完全不支持',1,'PLANNED','IE11浏览器访问时页面完全白屏无降级提示','2026-06-14 08:46:01.347088',1,NULL,NULL,1,3,2,1,NULL),(47,'只显示最近3条记录',NULL,1,NULL,'2026-06-14 08:45:58.718811','缺陷详情Sheet面板的流转历史Tab中，只能看到最近3条流转记录，更早的记录无法查看','全平台','显示完整的流转历史，包含从创建到当前状态的所有状态变更',NULL,NULL,'前端流转历史Tab请求时不限制数量，后端StateTransitionRepository查询添加ORDER BY createdAt DESC',2,'缺陷经历了8次流转（DRAFT→CLOSED全部状态），但流转历史只显示最后3条','P3',NULL,2,'1.查看一条CLOSED状态的缺陷详情\n2.点击\'流转历史\'Tab\n3.观察流转记录数量','前端API调用未传分页参数或后端查询限制返回最近3条',2,'PLANNED','单条缺陷的状态流转历史记录不完整','2026-06-14 08:46:01.348088',2,NULL,NULL,1,3,2,1,NULL),(48,'未收到任何通知邮件',NULL,4,NULL,'2026-06-14 08:45:58.736491','用户在个人设置中修改密码后，系统未发送\'密码已修改\'的通知邮件，存在安全风险','生产环境','修改密码后5分钟内收到密码变更通知邮件',NULL,NULL,'在changePassword方法中添加异步邮件发送调用',2,'修改密码后，绑定的邮箱未收到密码变更通知','P1',NULL,3,'1.登录系统\n2.进入个人设置\n3.修改密码\n4.检查绑定邮箱','AuthService.changePassword方法中缺少邮件发送逻辑',3,'IN_REPAIR','密码修改后未发送通知邮件','2026-06-14 08:46:01.348088',3,NULL,NULL,1,2,2,1,NULL),(49,'列宽恢复默认值',NULL,1,NULL,'2026-06-14 08:45:58.756036','用户在缺陷列表中手动拖拽调整了列宽，但刷新页面后列宽恢复默认值','Chrome 125，生产环境','列宽调整自动保存到localStorage，刷新后保持',NULL,NULL,'监听columnSizing变化事件，写入localStorage，初始化时从localStorage读取',3,'将\'标题\'列拖宽到300px，刷新页面后恢复到默认150px','P3',NULL,2,'1.进入缺陷列表\n2.拖拽调整\'标题\'列宽到300px\n3.刷新页面\n4.观察列宽','TanStack Table列宽调整未与localStorage持久化集成',1,'IN_REPAIR','表格列宽拖拽调整后刷新页面未保存','2026-06-14 08:46:01.348088',2,NULL,NULL,1,4,2,1,NULL),(50,'创建了3条完全相同的缺陷',NULL,3,NULL,'2026-06-14 08:45:58.777818','快速双击或连续点击\'创建缺陷\'提交按钮时，前端未做防抖处理，导致创建了多条完全相同的缺陷','Chrome 125，生产环境','按钮点击后立即禁用，防止重复提交',NULL,NULL,'提交按钮点击后立即设置disabled=true并显示loading状态，API返回后恢复',3,'提交按钮点击后约1秒才有响应，期间用户又点击了两次，导致创建了3条相同缺陷','P1',NULL,3,'1.点击创建缺陷\n2.在提交按钮上快速连续点击3次\n3.进入列表查看','提交按钮未设置loading状态和disabled属性，无防重复提交机制',4,'IN_REPAIR','用户连续快速点击创建按钮导致重复创建','2026-06-14 08:46:01.348088',3,NULL,NULL,1,2,2,1,NULL),(51,'前端JS文件中包含API密钥明文',NULL,5,NULL,'2026-06-14 08:45:58.798501','前端打包后的JS文件中包含DeepSeek API密钥的明文引用','生产环境，Vite 8','API密钥仅存在于后端配置，前端代码中无任何密钥信息',NULL,NULL,'移除前端所有DeepSeek调用代码，AI建议统一通过后端API代理调用',5,'查看dist/assets/index-xxx.js文件，发现sk-b28baac32f224155bbe69844264c4ec3明文硬编码','P0',NULL,4,'1.打开浏览器DevTools\n2.查看Sources面板中的JS文件\n3.搜索sk-关键字','DeepSeek API密钥被错误地配置在Vite环境变量VITE_DEEPSEEK_KEY中并被前端代码引用',5,'IN_REPAIR','敏感信息明文出现在前端JS代码中','2026-06-14 08:46:01.348088',2,NULL,NULL,1,1,2,1,NULL),(52,'tooltip超出视口被截断',NULL,1,NULL,'2026-06-14 08:45:58.820225','统计栏色条的百分比tooltip在页面右侧边缘位置时，部分内容超出视口被截断','Chrome 125 / Firefox 127，1920×1080','tooltip自动调整位置，始终完全可见',NULL,NULL,'添加tooltip边界检测逻辑，超出右边界时向左偏移，超出下边界时向上偏移',2,'鼠标悬停在最右侧色条上，tooltip右半部分超出浏览器窗口被截断','P3',NULL,2,'1.将浏览器窗口调整为1366×768\n2.鼠标悬停统计栏最右侧色条\n3.观察tooltip显示','Tooltip定位使用fixed+right计算，未考虑视口边界碰撞检测',1,'IN_REPAIR','图表tooltip在页面边缘被截断','2026-06-14 08:46:01.348088',2,NULL,NULL,1,4,2,1,NULL),(53,'登录成功后跳转到首页',NULL,2,NULL,'2026-06-14 08:45:58.845428','未登录用户访问/defects/123?defect=123，登录后跳转到首页而非原始URL','全平台','登录成功后跳转回/?defect=50',NULL,NULL,'在登录组件中从URL search params读取redirect参数，登录成功后使用router.navigate跳转',3,'未登录状态下访问列表某个缺陷的分享链接，登录成功后跳转到了首页','P2',NULL,3,'1.退出登录\n2.在浏览器输入完整URL: /?defect=50\n3.系统重定向到登录页\n4.输入账号密码登录','登录页的redirect参数在TanStack Router导航过程中丢失',2,'IN_REPAIR','登录后重定向到原始目标页面丢失','2026-06-14 08:46:01.348088',3,NULL,NULL,1,3,2,1,NULL),(54,'错误提示与对应字段错位',NULL,1,NULL,'2026-06-14 08:45:58.867299','创建缺陷表单中，某个字段校验失败时错误提示显示在相邻字段下方，用户困惑','Chrome 125，生产环境','每个字段的错误提示紧邻该字段下方',NULL,NULL,'改为字段级校验，每个FormField组件渲染自己的错误信息',2,'在\'期望结果\'字段输入超长文本后，错误提示出现在下方\'实际结果\'字段底部','P3',NULL,2,'1.点击创建缺陷\n2.在期望结果字段输入10000字\n3.在现象描述字段留空\n4.点击提交','表单校验错误使用全局error对象而非字段级校验，且渲染位置使用了错误的DOM锚点',2,'IN_REPAIR','表单校验错误提示位置不准确','2026-06-14 08:46:01.348088',2,NULL,NULL,1,4,2,1,NULL),(55,'密码\'123\'注册成功',NULL,4,NULL,'2026-06-14 08:45:58.888372','注册页面密码字段只校验了非空，未校验密码强度（长度/大小写/数字/特殊字符）','全平台','密码至少8位，包含大小写字母+数字+特殊字符中的至少2种',NULL,NULL,'前端添加密码强度正则校验+实时强度指示条，后端AuthService.register添加相同校验',2,'可以注册密码为\'123\'的账号','P1',NULL,2,'1.进入注册页面\n2.用户名填写\'test\'\n3.密码填写\'123\'\n4.点击注册','注册表单前端和后端均缺少密码强度校验规则',3,'IN_REPAIR','用户注册时密码强度校验缺失','2026-06-14 08:46:01.348088',2,NULL,NULL,1,2,2,1,NULL),(56,'PDF无法预览，无任何反馈',NULL,2,NULL,'2026-06-14 08:45:58.908413','上传PDF附件后，点击预览按钮无反应，控制台报错\'Unsupported format\'','Chrome 125 / Firefox 127，生产环境','支持PDF文件在线预览',NULL,NULL,'集成pdfjs-dist，对PDF类型附件使用<iframe>或<canvas>渲染预览',3,'上传一份PDF格式的技术文档，在缺陷详情页点击预览，无任何反应','P1',NULL,2,'1.上传一个PDF文件\n2.在缺陷详情Sheet点击该附件\n3.观察预览效果','前端文件预览组件仅支持image/*类型，未集成PDF.js等PDF预览方案',3,'IN_REPAIR','附件预览不支持PDF文件','2026-06-14 08:46:01.348088',3,NULL,NULL,1,2,2,1,NULL),(57,'无API文档入口',NULL,2,NULL,'2026-06-14 08:45:58.928242','后端API未集成Swagger/Knife4j文档，前端开发需要逐个人问接口定义','开发环境','可访问在线API文档，查看所有接口定义',NULL,NULL,'在pom.xml中添加springdoc-openapi-starter-webmvc-ui依赖，创建OpenAPIConfig配置类',4,'前端开发想查看/api/defects接口的请求参数和响应结构，但找不到任何API文档','P2',NULL,2,'1.启动后端服务\n2.访问/swagger-ui.html或/doc.html\n3.查看API文档','项目pom.xml中未引入springdoc-openapi依赖，无Swagger自动配置',2,'IN_REPAIR','API文档缺失导致前端联调效率低','2026-06-14 08:46:01.348088',2,NULL,NULL,1,3,2,1,NULL),(58,'导出数据包含所有缺陷，忽略了筛选条件',NULL,3,NULL,'2026-06-14 08:45:58.946748','用户筛选缺陷列表（如只看P0缺陷）后点击导出，导出的CSV包含全部缺陷而非筛选后的结果','全平台','导出数据与当前筛选条件一致',NULL,NULL,'导出API接收与列表查询相同的筛选参数，后端DefectService.export方法应用筛选条件',4,'筛选状态为REPORTED的缺陷（5条），点击导出按钮，CSV文件包含全部100条缺陷','P1',NULL,3,'1.在缺陷列表筛选状态=REPORTED\n2.点击导出按钮\n3.打开导出的CSV文件\n4.检查数据行数','导出API未接收筛选参数，始终查询全量数据',4,'IN_REPAIR','过滤后的列表导出为全部数据而非过滤结果','2026-06-14 08:46:01.349107',3,NULL,NULL,1,1,2,1,NULL),(59,'Cookie缺少SameSite属性',NULL,4,NULL,'2026-06-14 08:45:58.968040','JWT Token存储在localStorage中，部分场景也写入了Cookie，但Cookie未设置SameSite属性','全环境','所有Cookie设置SameSite=Strict或SameSite=Lax',NULL,NULL,'在JwtUtil和WebConfig中设置所有Cookie的SameSite=Strict属性',5,'安全审计报告指出应用存在CSRF风险，Cookie缺少SameSite属性','P1',NULL,3,'1.登录系统\n2.打开DevTools→Application→Cookies\n3.检查Cookie属性','后端设置Cookie时未调用sameSite()方法',3,'IN_REPAIR','cookie中没有设置SameSite属性导致CSRF风险','2026-06-14 08:46:01.349107',2,NULL,NULL,1,1,2,1,NULL),(60,'整个页面返回浏览器主页/上一页',NULL,1,NULL,'2026-06-14 08:45:58.987128','在缺陷详情Sheet中点击浏览器的返回按钮，期望关闭Sheet，实际是退出了整个页面','Chrome 125，全平台','Sheet面板关闭，URL回到/?，留在缺陷列表页',NULL,NULL,'打开Sheet时使用router.navigate({search:{defect:id}})而非直接操作history，确保返回按钮行为正确',4,'打开/?defect=50，Sheet面板打开，点击浏览器返回按钮，整个页面回到了浏览器主页','P2',NULL,2,'1.进入缺陷列表\n2.点击某条缺陷打开Sheet面板(?defect=ID)\n3.点击浏览器返回按钮','TanStack Router的history.pushState未正确处理Sheet URL栈',2,'IN_REPAIR','页面返回按钮行为不符合预期','2026-06-14 08:46:01.349107',3,NULL,NULL,1,3,2,1,NULL),(61,'服务OOM崩溃',NULL,5,NULL,'2026-06-14 08:45:59.008160','用户上传超过50MB的文件（虽然前端限制5MB，但可通过API直接调用绕过），导致Java堆内存溢出','生产环境，JDK 21','后端限制文件大小，超过限制返回413',NULL,NULL,'在FileService.upload方法中手动校验multipartFile.getSize()，超过限制抛出异常',2,'用Postman直接POST /api/files/upload上传50MB文件，服务OOM','P0',NULL,4,'1.用Postman构造multipart请求\n2.上传50MB文件到/api/files/upload\n3.观察服务状态','Spring Boot的spring.servlet.multipart.max-file-size仅限制了前端请求，API直接调用未做大小校验',5,'IN_REPAIR','大文件上传导致后端OOM','2026-06-14 08:46:01.349107',3,NULL,NULL,1,1,2,1,NULL),(62,'URL无排序参数，分享后排序丢失',NULL,1,NULL,'2026-06-14 08:45:59.029048','在缺陷列表点击列头排序后，URL参数未更新，分享链接给同事后排序条件丢失','全平台','URL包含排序参数，如?sort=priority&order=desc',NULL,NULL,'监听sorting状态变化，同步更新URL search params；页面加载时从URL恢复排序状态',3,'按优先级降序排列缺陷列表后，复制URL发给同事，同事打开是默认排序','P3',NULL,2,'1.点击\'优先级\'列头排序\n2.复制浏览器地址栏URL\n3.在新标签页打开该URL','TanStack Table的sorting状态未与TanStack Router的search params双向同步',2,'IN_REPAIR','列表页排序状态未同步到URL参数','2026-06-14 08:46:01.349107',2,NULL,NULL,1,3,2,1,NULL),(63,'后提交的操作静默覆盖了前一个操作',NULL,4,NULL,'2026-06-14 08:45:59.050709','两个工程师同时打开同一条缺陷并进行流转操作，后提交的操作静默覆盖了先提交的','全平台','后提交的流转操作提示\'数据已被他人修改，请刷新后重试\'',NULL,NULL,'在DefectService流转方法中捕获OptimisticLockException，返回409 Conflict状态码，前端弹窗提示刷新',2,'工程师A和B同时打开缺陷#42，A先流转到ANALYZED，B后流转到TRIAGING覆盖了A的操作','P1',NULL,3,'1.工程师A打开缺陷#42详情\n2.工程师B也打开缺陷#42详情\n3.A流转到ANALYZED\n4.B流转到TRIAGING\n5.查看缺陷当前状态','Defect实体虽有@Version乐观锁字段，但流转API未捕获OptimisticLockException并提示用户',4,'IN_REPAIR','同一缺陷被多人同时编辑时无冲突提示','2026-06-14 08:46:01.349107',3,NULL,NULL,1,1,2,1,NULL),(64,'主题瞬间切换，无过渡',NULL,1,NULL,'2026-06-14 08:45:59.072756','切换暗色/亮色模式时页面瞬间变化，无过渡动画，体验突兀','全平台','主题切换有0.3s的平滑过渡动画',NULL,NULL,'在:root选择器添加transition: background-color 0.3s ease, color 0.3s ease',2,'点击主题切换按钮，页面瞬间从白色背景变为黑色背景，视觉冲击感强','P3',NULL,2,'1.点击顶栏主题切换按钮\n2.观察页面变化过程','CSS变量切换时未设置transition属性',1,'IN_REPAIR','暗色模式和亮色模式切换时过渡生硬','2026-06-14 08:46:01.350100',1,NULL,NULL,1,3,2,1,NULL),(65,'公网可直接访问所有Actuator端点','SecurityConfig, application.properties',5,NULL,'2026-06-14 08:45:59.097557','/actuator/health、/actuator/env等端点未做访问控制，公网可直接访问','生产环境','Actuator端点仅内网/认证用户可访问','修改application.properties: management.endpoints.web.exposure.include=health,info；SecurityConfig添加.antMatchers(\"/actuator/**\").authenticated()',30,'限制exposure仅保留health/info，并为actuator路径添加认证拦截',5,'curl http://服务器IP:8081/actuator/env 可直接查看环境变量，包含数据库密码等敏感信息','P0',NULL,5,'1.从外网curl /actuator/env\n2.查看返回内容','application.properties中management.endpoints.web.exposure.include=*且未配置Spring Security对actuator路径的保护',5,'FIXED','Spring Boot Actuator端点暴露到公网','2026-06-14 08:46:01.350100',2,NULL,NULL,1,1,2,1,NULL),(66,'分页器显示NaN','DefectService, DefectListResponse',2,NULL,'2026-06-14 08:45:59.115657','缺陷列表API返回数据中total字段始终为null，前端分页器无法正确计算总页数','生产环境','分页器正确显示总页数和总条数','在DefectService.listDefects方法中添加response.setTotal(page.getTotalElements())',15,'在DefectService中将Page.getTotalElements()显式写入响应DTO',5,'分页器显示\'共NaN页\'，页码按钮无法点击','P2',NULL,2,'1.进入缺陷列表\n2.查看底部分页器\n3.观察总页数显示','DefectRepository.findAll(Specification, Pageable)返回的Page对象未正确映射totalElements',2,'FIXED','分页查询未返回总条数导致前端分页器错误','2026-06-14 08:46:01.350100',2,NULL,NULL,1,3,2,1,NULL),(67,'物理文件未被删除','DefectService, FileService',3,NULL,'2026-06-14 08:45:59.132448','在系统中删除附件后，数据库记录删除了但uploads/目录下的物理文件未被删除，占用磁盘空间','生产环境','删除附件时同步删除数据库记录和物理文件','在deleteAttachment方法中添加: Files.deleteIfExists(Paths.get(attachment.getFilePath()))',20,'在DefectService的删除附件方法中，先获取附件记录拿到文件路径，删除数据库记录后再删除物理文件',3,'删除3条附件后，uploads/目录下对应的3个文件仍然存在','P1',NULL,2,'1.上传一个附件\n2.在缺陷详情中删除该附件\n3.登录服务器检查uploads目录','AttachmentRepository.delete仅删除了数据库记录，未调用FileService删除物理文件',3,'FIXED','附件删除后磁盘文件未清理','2026-06-14 08:46:01.350100',2,NULL,NULL,1,2,2,1,NULL),(68,'后端返回500，日志显示SQL语法错误','DefectRepository, DefectSpecification',5,NULL,'2026-06-14 08:45:59.156670','搜索框输入单引号\'时，后端JPA查询报SQL语法错误，存在SQL注入隐患','生产环境','特殊字符被正确转义，不触发SQL错误','添加escapeSpecialChars工具方法，对用户输入中的%, _, \', \\进行反斜杠转义',45,'使用CriteriaBuilder.like时对特殊字符(%, _, \')做转义处理',2,'在搜索框输入\'; DROP TABLE defects; --，后端返回500错误','P1',NULL,4,'1.在搜索框输入单引号字符\'\n2.点击搜索\n3.观察后端响应','使用JPA Criteria API拼接Like条件时，未对用户输入做转义',4,'FIXED','特殊字符导致搜索SQL注入风险','2026-06-14 08:46:01.350100',3,NULL,NULL,1,1,2,1,NULL),(69,'全部资源重新下载，传输量>5MB','Nginx配置',2,NULL,'2026-06-14 08:45:59.174436','前端JS/CSS/图片等静态资源未设置Cache-Control头，用户每次刷新页面都需要重新下载全部资源','生产环境，Nginx + Vite','静态资源（带hash的chunk文件）返回304或使用强缓存，传输量<500KB','添加Nginx location ~* /assets/.*\\.(js|css|png|jpg|svg|woff2)$ { expires 1y; add_header Cache-Control \'public, immutable\'; }',15,'在Nginx配置中对/assets/路径设置Cache-Control: public, max-age=31536000, immutable',5,'刷新页面后，Network面板显示所有JS文件返回200而非304，传输数据量超过5MB','P2',NULL,2,'1.打开DevTools Network面板\n2.刷新页面\n3.观察JS/CSS文件的状态码和大小','Nginx配置中未对带hash的静态资源设置expires头，Vite打包的assets也未配置缓存策略',2,'FIXED','静态资源缓存策略缺失导致重复加载','2026-06-14 08:46:01.350100',3,NULL,NULL,1,3,2,1,NULL),(70,'复选框勾选的同时Sheet面板被打开','前端 DefectListTable组件',1,NULL,'2026-06-14 08:45:59.190882','缺陷列表中每行最左侧有复选框，但点击复选框时同时触发了行点击事件（打开Sheet），无法正常勾选','Chrome 125，全平台','点击复选框只触发勾选，不触发行点击','添加 if (e.target.type === \'checkbox\') return; 在行点击处理函数开头',10,'在行点击事件处理函数中添加event.target.type === \'checkbox\'判断，排除复选框点击',5,'点击第3行左侧的复选框，勾选后又立即打开了该缺陷的Sheet面板','P2',NULL,2,'1.进入缺陷列表\n2.点击某行左侧的复选框\n3.观察是否同时触发了Sheet打开','行点击事件未判断事件源是否为复选框，checkbox的click事件冒泡到了行元素',2,'FIXED','列表行点击区域与复选框区域冲突','2026-06-14 08:46:01.350100',2,NULL,NULL,1,3,2,1,NULL),(71,'两个页面内容重叠显示','前端路由配置, __root.tsx',2,NULL,'2026-06-14 08:45:59.210511','在缺陷列表和知识库之间快速切换Tab，偶发出现页面内容重叠（两个Tab的内容同时显示）','Chrome 125，生产环境','Tab切换后只显示当前选中Tab的内容','使用router.navigate时设置resetScroll:false并确保replace为true，避免组件叠加',60,'在Tab切换时取消进行中的路由过渡动画，确保旧路由组件立即卸载',3,'快速点击顶栏Tab在缺陷列表和知识库之间切换5次，页面出现内容重叠','P2',NULL,2,'1.快速连续点击顶栏\'缺陷列表\'和\'知识库\'Tab\n2.观察页面渲染','TanStack Router的路由切换动画与React组件卸载时序冲突，旧组件在动画结束前未被卸载',2,'FIXED','快速切换Tab时组件状态异常','2026-06-14 08:46:01.351087',2,NULL,NULL,1,2,2,1,NULL),(72,'显示负数','前端 StatsBar组件',1,NULL,'2026-06-14 08:45:59.225724','应用多个筛选条件后，列表页的统计栏\'总缺陷数\'显示为负数（如-3）','生产环境','统计数字始终为非负整数','StatsBar组件直接使用defects.length和状态分布，移除多余的减法逻辑',20,'统计数字直接从API返回的筛选结果中获取，不做前端二次计算',2,'筛选状态=CLOSED且优先级=P0，统计栏显示-3条','P3',NULL,2,'1.进入缺陷列表\n2.设置筛选条件：状态=CLOSED，优先级=P0\n3.观察统计栏数字','前端统计数据使用了筛选前的总数减去筛选后的数量，当筛选后数量大于总数时出现负数',2,'FIXED','某些情况下列表页筛选后总数为负数','2026-06-14 08:46:01.351087',2,NULL,NULL,1,3,2,1,NULL),(73,'无法通过触摸操作选择日期','前端 日期筛选组件',1,NULL,'2026-06-14 08:45:59.247222','创建时间筛选的日期选择器在手机浏览器中弹出后，无法通过触摸滚动选择年份和月份','iOS Safari / Android Chrome，屏幕宽度<768px','日期选择器在移动端支持触摸滑动选择','添加设备检测，移动端使用原生<input type=\'date\'>替代自定义日期选择器',45,'替换为支持移动端的日期选择器或添加原生input[type=date]作为移动端降级方案',3,'iPhone 15 Pro Safari，点击日期选择器，月份列表无法触摸滚动','P2',NULL,2,'1.用手机浏览器打开缺陷列表\n2.点击创建时间筛选\n3.尝试选择自定义日期范围','使用的日期选择器组件库未适配移动端触摸事件',2,'FIXED','日期选择器在移动端无法正常使用','2026-06-14 08:46:01.351087',3,NULL,NULL,1,3,2,1,NULL),(74,'CORS配置冲突导致浏览器拒绝跨域请求','WebConfig.java',4,NULL,'2026-06-14 08:45:59.265189','CORS配置中allowedOrigins设置为*，且同时allowCredentials=true，浏览器拒绝该配置且存在安全隐患','全环境','CORS配置正确，allowedOrigins指定具体域名，与credentials兼容','修改WebConfig: .allowedOrigins(\'http://localhost:3001\',\'http://localhost:3000\')',10,'将allowedOrigins改为具体的允许域名列表，如http://localhost:3001, https://生产域名',5,'Chrome控制台报错: \'The Access-Control-Allow-Origin header contains the value * when the credentials mode is include\'','P1',NULL,3,'1.打开浏览器DevTools Console\n2.观察CORS相关错误\n3.检查响应头Access-Control-Allow-Origin','WebConfig中同时设置了allowedOrigins(*).allowCredentials(true)，违反CORS规范',3,'FIXED','后端CORS配置过于宽松','2026-06-14 08:46:01.351087',2,NULL,NULL,1,1,2,1,NULL),(75,'SQL语句和返回数据明文可读','application.properties, MySQL配置',5,NULL,'2026-06-14 08:45:59.284164','后端服务与MySQL之间的数据库连接未启用SSL加密，SQL查询和数据在网络上明文传输','生产环境，MySQL 8.0','数据库连接启用SSL，抓包无法看到明文数据','修改application.properties: jdbc:mysql://localhost:3307/defect_triage?useSSL=true&requireSSL=true&trustCertificateKeyStoreUrl=classpath:truststore.jks',30,'修改JDBC URL为useSSL=true，配置truststore和client证书路径',5,'网络抓包工具可捕获到明文的SQL查询语句和返回数据','P0','所有数据库读写操作',4,'1.使用Wireshark抓包\n2.过滤MySQL端口3307的流量\n3.检查数据包内容','JDBC连接URL中useSSL=false且未配置SSL证书',4,'VERIFIED','MySQL连接未使用SSL导致数据传输明文','2026-06-14 08:46:01.351087',2,'修复有效，数据库连接已启用SSL加密','抓包验证无明文数据，数据库连接已加密',1,1,3,1,NULL),(76,'Token失效返回401','JwtUtil.java',3,NULL,'2026-06-14 08:45:59.307427','后端服务重启后，所有已登录用户的JWT Token失效，需全部重新登录','生产环境','服务重启后已有Token仍然有效','JwtUtil中密钥改为从app.jwt.secret配置读取（已配置但代码中使用了随机生成的密钥）',20,'将JWT密钥改为从配置文件/环境变量读取，确保重启前后一致',2,'部署新版本重启后端，所有在线用户被强制跳转到登录页','P2','所有API认证',3,'1.登录系统获取Token\n2.重启后端服务\n3.用原Token请求API','JWT签名密钥在每次启动时重新生成，导致旧Token签名验证失败',2,'VERIFIED','服务器重启后Token全部失效用户被强制登出','2026-06-14 08:46:01.351087',4,'修复有效，重启后Token保持有效','重启后端后原有Token仍可正常使用',1,3,3,1,NULL),(77,'页面白屏','api/client.ts, 全局错误处理组件',3,NULL,'2026-06-14 08:45:59.328707','React组件在useEffect中异步请求失败且未被错误边界捕获，导致整个页面白屏','Chrome 125，生产环境','API请求失败时显示友好的错误提示和重试按钮','在api/client.ts的fetch封装中添加catch处理，对网络错误返回统一错误对象并在组件中显示ErrorBanner',60,'在API client中添加全局错误处理，网络错误时显示全局错误提示而非白屏；添加Suspense fallback',5,'后端API暂时不可用时，前端页面白屏而非显示错误提示','P0','所有页面和组件的错误处理',4,'1.停止后端服务\n2.在前端页面操作\n3.观察页面反应','React Error Boundary只能捕获渲染期间的错误，无法捕获异步回调中的错误',4,'VERIFIED','前端错误边界未捕获异步错误导致白屏','2026-06-14 08:46:01.351087',4,'修复有效，异步错误不再导致白屏','关闭后端服务后，前端显示\'服务不可用\'提示和重试按钮，不再白屏',1,1,3,1,NULL),(78,'新缺陷不显示，需手动刷新','前端 API hooks',3,NULL,'2026-06-14 08:45:59.351983','TanStack Query的staleTime设置过长（30分钟），用户新建缺陷后在列表中看不到','全平台','创建/编辑缺陷后列表自动刷新','在useCreateDefect的onSuccess中添加queryClient.invalidateQueries([\'defects\'])',15,'在创建/编辑缺陷的mutation onSuccess回调中调用queryClient.invalidateQueries({queryKey:[\'defects\']})',5,'创建一条新缺陷后返回列表页，新缺陷未出现，需要手动刷新','P1','所有缺陷列表查询',3,'1.创建一条新缺陷\n2.返回缺陷列表\n3.观察列表是否包含新缺陷','TanStack Query的staleTime配置为30分钟，创建缺陷后未手动invalidate查询缓存',3,'VERIFIED','列表页数据缓存导致查看不到最新缺陷','2026-06-14 08:46:01.351087',4,'缓存失效策略正确，数据实时性达标','创建缺陷后列表立即刷新显示新数据',1,2,3,1,NULL),(79,'无任何限制，可无限重试','AuthService, User实体(lockUntil字段)',5,NULL,'2026-06-14 08:45:59.375587','登录接口未限制密码错误次数，攻击者可暴力破解用户密码','生产环境','连续5次错误密码后账户锁定15分钟','在AuthService.login中添加: 使用Guava RateLimiter+失败计数Map，5次失败后返回\'账户已锁定，请15分钟后重试\'',90,'在Redis或数据库中记录每个账号的登录失败次数，连续5次失败后锁定15分钟',2,'用Burp Suite对登录接口连续发送100次错误密码请求，全部返回200(登录失败但未锁定)','P1','登录认证流程',5,'1.对登录接口连续发送错误密码\n2.观察响应和账户状态','AuthService.login方法中未实现登录失败计数和锁定机制',5,'VERIFIED','用户输入的错误密码次数未限制（暴力破解风险）','2026-06-14 08:46:01.352099',3,'修复有效，暴力破解防护已就位','连续5次错误密码后账户被锁定，第6次返回锁定提示',1,1,3,1,NULL),(80,'alert弹窗出现','前端 DefectDetailSheet, 后端 DefectService',5,NULL,'2026-06-14 08:45:59.399253','缺陷描述字段使用富文本编辑器，粘贴HTML内容时未做XSS过滤，可执行恶意脚本','全平台','脚本被过滤或转义，不执行','前端: import DOMPurify from \'dompurify\'; 渲染前调用DOMPurify.sanitize(content); 后端: Jsoup.clean(input, Safelist.basic())',60,'前端使用DOMPurify库过滤HTML内容，后端添加Jsoup过滤',2,'在缺陷描述中粘贴<script>alert(\'xss\')</script>，保存后打开缺陷详情，脚本被执行','P0','所有用户输入渲染场景',5,'1.创建缺陷\n2.在描述字段粘贴<script>alert(\'xss\')</script>\n3.提交后打开该缺陷详情','前端dangerouslySetInnerHTML直接渲染用户输入的HTML，后端也未做XSS过滤',5,'VERIFIED','富文本编辑器的粘贴内容未过滤XSS','2026-06-14 08:46:01.352099',4,'XSS防护有效，恶意脚本被正确过滤','粘贴<script>等恶意代码后，被过滤为纯文本，不再执行',1,1,3,1,NULL),(81,'顶栏仍显示旧名称','AuthContext, PersonalSettings组件',1,NULL,'2026-06-14 08:45:59.422495','在个人设置中修改了显示名称，但顶栏的用户名仍然显示旧名称','全平台','顶栏用户名立即更新为新名称','在PersonalSettings的保存成功回调中添加: await refreshUser()',20,'在修改用户信息的mutation onSuccess中调用authContext.refreshUser()更新全局用户状态',2,'将显示名从\'张三\'改为\'张三丰\'，顶栏仍显示\'张三\'','P3','用户信息显示相关',2,'1.进入个人设置\n2.修改显示名称\n3.保存\n4.观察顶栏用户名','修改用户信息后，AuthContext中的user对象未更新，依赖的useState未重新设置',2,'VERIFIED','用户个人信息修改后页面未更新显示名称','2026-06-14 08:46:01.352099',2,'修复有效，用户信息修改后全局同步','修改显示名称后顶栏立即更新',1,3,3,1,NULL),(82,'所有请求都返回200','RateLimitFilter, WebConfig',4,NULL,'2026-06-14 08:45:59.450420','后端API未配置Rate Limiting，恶意用户可用脚本短时间内发起大量请求','生产环境，Spring Boot 3.4','超过频率限制后返回429 Too Many Requests','添加RateLimitFilter拦截器，使用ConcurrentHashMap+AtomicInteger实现简易令牌桶，超限返回429',60,'使用Bucket4j或Resilience4j实现令牌桶限流，每个用户每秒最多10次请求',3,'用脚本在10秒内发起1000次/api/defects请求，全部返回200','P1','所有API接口',3,'1.编写脚本循环请求/api/defects\n2.10秒内发起1000次请求\n3.观察响应状态码','Spring Boot未引入任何Rate Limiter组件',4,'VERIFIED','后端接口未做请求频率限制导致被刷','2026-06-14 08:46:01.352099',2,'限流机制生效，有效防止接口被刷','超过每秒10次限制后返回429状态码',1,1,3,1,NULL),(83,'.exe文件上传成功','FileService',5,'2026-06-14 08:45:59.503337','2026-06-14 08:45:59.477116','附件上传未校验文件扩展名，可上传任意类型文件包括.exe等可执行文件','全环境','拒绝非白名单类型文件并提示','添加ALLOWED_TYPES Set，在upload方法中校验ContentType',45,'在FileService.upload中添加MIME类型白名单校验',3,'上传.exe文件到附件区域，上传成功','P0','所有附件上传功能',4,'1.点击上传附件\n2.选择一个.exe文件\n3.等待上传完成','FileService未实现文件类型白名单校验',5,'CLOSED','文件上传扩展名校验缺失','2026-06-14 08:46:01.352099',4,'修复完整，安全风险已消除','.exe文件被正确拒绝，正常文件上传不受影响',1,1,3,1,NULL),(84,'订单状态卡在支付中，资金已扣除','PaymentService, OrderService',5,'2026-06-14 08:45:59.536160','2026-06-14 08:45:59.511633','用户支付后支付网关超时，系统未执行回滚操作，订单状态停留在\'支付中\'且资金已扣','生产环境, Spring Boot 3.x','超时后自动触发回滚，订单状态恢复为待支付，资金退回','添加@Transactional+补偿Saga模式：超时后异步调用refund，订单状态恢复为CANCELLED',180,'在支付超时catch块中添加补偿逻辑，调用支付网关撤销接口并回滚订单状态',2,'大额订单支付接口超时(500ms)，页面卡死，后台订单状态不一致','P0','所有支付相关接口',5,'1.提交大额订单\n2.模拟支付网关超时\n3.观察订单状态和资金变动','支付超时异常被全局异常处理器捕获后只记录了日志，未触发补偿事务',5,'CLOSED','订单支付超时未回滚导致资金风险','2026-06-14 08:46:01.352099',5,'交易安全，回滚机制完备','模拟超时场景后订单正确回滚，资金退回',1,1,3,1,NULL),(85,'平均3.2秒','DefectRepository, DefectService',4,'2026-06-14 08:45:59.569085','2026-06-14 08:45:59.545036','缺陷列表页面加载缓慢，API响应时间平均3.2秒，影响用户体验','生产环境','API响应时间<1秒','在DefectRepository.findAll方法添加@EntityGraph(attributePaths={\'reporter\',\'assignee\',\'verifier\'})',120,'添加@EntityGraph注解批量加载关联数据',5,'首页加载时API平均响应时间3.2秒，查看数据库日志发现大量单条查询','P0','所有缺陷列表和详情查询',3,'1.访问首页\n2.打开DevTools Network面板\n3.观察/api/defects响应时间','N+1查询问题，Defect列表查询时对每个Defect的reporter/assignee/verifier分别查一次',4,'CLOSED','API响应时间超过3秒(N+1查询问题)','2026-06-14 08:46:01.353106',4,'性能优化显著，响应时间达标','API响应时间降至0.8秒',1,1,3,1,NULL),(86,'返回空列表','数据库索引, DefectRepository',3,'2026-06-14 08:45:59.603755','2026-06-14 08:45:59.577273','搜索框输入中文关键词无搜索结果，但缺陷标题中包含该关键词','全平台','返回标题或描述包含关键词的所有缺陷','添加FULLTEXT INDEX idx_ft_title_desc ON defects(title, description); 查询改用MATCH...AGAINST IN BOOLEAN MODE',60,'在缺陷标题和描述字段添加MySQL FULLTEXT索引，使用MATCH...AGAINST查询',5,'输入\'登录\'搜索，返回0条结果，但存在标题为\'登录页面样式错乱\'的缺陷','P1','搜索功能',2,'1.在搜索框输入中文关键词\n2.点击搜索\n3.观察搜索结果','MySQL默认LIKE查询对中文分词效果差，且未建立全文索引',3,'CLOSED','搜索功能对中文分词支持异常','2026-06-14 08:46:01.353106',3,'中文搜索召回率达标','搜索\'登录\'返回所有相关缺陷',1,2,3,1,NULL),(87,'跳转回第1页','前端路由模块',2,'2026-06-14 08:45:59.637980','2026-06-14 08:45:59.612064','在缺陷列表点击第3页分页按钮，页面跳转回第1页','Chrome/Safari','跳转至第3页','修改router.tsx中search params的parse逻辑: page: z.number().default(1).catch(1)',60,'修复URL search params解析逻辑，确保page参数正确读取',5,'缺陷列表共55页，点击第3页后URL参数变为page=3但瞬间又跳回page=1','P2','所有分页功能',1,'1.进入缺陷列表\n2.点击第3页分页按钮','分页参数page在URL解析时被默认为1覆盖',2,'CLOSED','列表分页跳转异常','2026-06-14 08:46:01.353106',2,'分页功能正常','分页跳转正常',1,5,3,1,NULL),(88,'服务OOM崩溃重启','ExportService, DefectRepository',5,'2026-06-14 08:45:59.668405','2026-06-14 08:45:59.645763','导出超过10万条缺陷数据时，服务器OOM崩溃','生产环境, JDK 21','正常导出Excel文件，内存使用平稳','使用Apache POI SXSSFWorkbook替代XSSFWorkbook，结合JPA Stream查询分批处理',120,'改为流式写入SXSSFWorkbook，分批从数据库读取，每批1000条写入后释放',2,'查询10万条记录点击导出Excel，服务器Java进程内存飙升后崩溃','P0','所有导出功能',4,'1.确保数据库有10万条缺陷\n2.点击导出全部\n3.观察服务器状态','一次性将10万条数据加载到内存List中，再写入Excel，导致堆内存耗尽',5,'CLOSED','Excel导出内存溢出','2026-06-14 08:46:01.353106',5,'内存使用可控，导出功能稳定','导出10万条数据内存使用稳定在500MB以内',1,1,3,1,NULL),(89,'延迟超过30分钟','NotificationConsumer, 线程池配置',4,'2026-06-14 08:45:59.703627','2026-06-14 08:45:59.677446','用户触发操作后，通知消息延迟30分钟以上才收到','生产环境','3秒内收到通知','消费者线程池从core=2/max=4调整为core=8/max=16；添加队列深度>1000的Grafana告警',90,'增加消费者线程数+引入消息优先级+添加队列堆积告警',4,'触发缺陷流转通知，30分钟后才收到站内信','P0','所有通知消息',3,'1.执行缺陷流转操作\n2.观察通知中心','消息队列消费者线程池耗尽，消息堆积在队列中',4,'CLOSED','通知消息延迟严重（超过30分钟）','2026-06-14 08:46:01.353106',4,'消息延迟达标','通知延迟降至2秒以内',1,3,3,1,NULL),(90,'Tab B仍显示未登录','AuthContext.tsx',2,'2026-06-14 08:45:59.738135','2026-06-14 08:45:59.712182','在一个浏览器Tab中登录，另一个Tab中仍然显示未登录状态','Chrome 125 / Firefox 127','所有Tab共享登录状态','在AuthContext中添加window.addEventListener(\'storage\', handler)，检测token变化并同步状态',30,'监听storage事件，当其他Tab修改localStorage时同步更新AuthContext',3,'Tab A登录成功，切换到Tab B刷新后仍显示登录页','P2','登录状态管理',2,'1.在Tab A打开系统并登录\n2.在Tab B打开系统\n3.观察Tab B的登录状态','JWT Token存储在localStorage，不同Tab间localStorage不同步触发React状态更新',2,'CLOSED','用户会话在多个Tab间不同步','2026-06-14 08:46:01.353106',3,'多Tab会话同步正常','Tab A登录后，Tab B自动刷新为已登录状态',1,3,3,1,NULL),(91,'10秒内收到10封验证码邮件','AuthService, Redis配置',5,'2026-06-14 08:45:59.770250','2026-06-14 08:45:59.746935','注册接口的邮箱验证码发送未做频率限制，可被恶意利用向任意邮箱频繁发送','生产环境','同一邮箱60秒内只能发送1次验证码','在AuthService.sendVerificationCode中添加redisTemplate.opsForValue().setIfAbsent(\'vc:\'+email, \'1\', 60, SECONDS)',45,'在发送验证码接口添加Redis缓存记录，60秒内相同邮箱/ip不允许重复发送',2,'连续点击\'发送验证码\'按钮10次，每次都成功发送','P1','所有验证码发送场景',4,'1.进入注册页\n2.输入邮箱地址\n3.快速连续点击发送验证码\n4.检查邮箱收件','验证码发送接口未做频率限制和防刷校验',4,'CLOSED','用户注册时邮箱验证码发送频率未限制','2026-06-14 08:46:01.353106',3,'频率限制生效','60秒内重复请求返回\'请勿频繁发送验证码\'',1,1,3,1,NULL),(92,'两个Tab内容高度重复','前端 DefectDetailSheet',1,'2026-06-14 08:45:59.802485','2026-06-14 08:45:59.778505','缺陷详情Sheet中有两个Tab分别叫\'修改记录\'和\'流转历史\'，两者展示的内容几乎相同','全平台','两个Tab有明确区分：流转历史=状态变更，修改记录=字段级别编辑','修改记录Tab暂时合并到流转历史，统一显示时间线，每条记录标注类型(状态变更/字段编辑)',30,'拆分数据源：流转历史显示状态变更，修改记录显示字段编辑(需后端支持字段级审计日志)',4,'查看缺陷#42的修改记录和流转历史Tab，内容90%重叠','P3','缺陷详情Sheet',2,'1.打开缺陷详情Sheet\n2.查看\'修改记录\'Tab\n3.查看\'流转历史\'Tab\n4.对比内容','前端将StateTransition数据和字段变更数据混在一起展示',1,'CLOSED','缺陷详情页面的\'修改记录\'和\'流转历史\'重复','2026-06-14 08:46:01.353106',2,'信息展示清晰不再冗余','两个Tab合并为统一时间线，不再重复',1,3,3,1,NULL),(93,'回调到localhost:3001导致404','AuthController, 前端OAuth配置',3,'2026-06-14 08:45:59.840231','2026-06-14 08:45:59.812470','配置了GitHub OAuth登录，但点击GitHub登录后回调到localhost:3001而非实际域名','生产环境','回调到正确的生产域名','添加GET /api/auth/oauth-redirect-url接口，根据request.getHeader(\'Host\')动态返回回调地址',45,'回调地址改为从后端API动态获取，后端根据请求Host自动拼接',3,'生产环境GitHub OAuth回调地址仍为localhost，导致回调失败','P1','OAuth登录流程',3,'1.点击GitHub登录按钮\n2.完成GitHub授权\n3.观察回调URL','OAuth回调地址硬编码在前端环境变量中，生产部署时未修改',4,'CLOSED','第三方OAuth登录回调地址配置错误','2026-06-14 08:46:01.354089',4,'OAuth回调地址根据环境自适应','回调地址正确跳转到生产域名',1,3,3,1,NULL),(94,'无任何反应约5秒后突然完成','前端批量操作组件, 后端BatchService',2,'2026-06-14 08:45:59.872476','2026-06-14 08:45:59.848429','对100条缺陷执行批量操作时，页面无任何进度提示，用户不知道是否在处理中','生产环境','显示进度条或处理中的loading状态','批量操作按钮添加loading+进度百分比；后端使用@Async处理批量任务，前端每2秒轮询进度',90,'前端按钮显示处理中状态，后端批量操作改为异步并返回任务ID供前端轮询进度',3,'选中100条缺陷->批量修改优先级为P2->点击确认后页面无反应约5秒','P2','所有批量操作',3,'1.选中100条缺陷\n2.点击批量修改优先级\n3.选择P2\n4.点击确认','前端批量操作未设置loading状态，后端未返回处理进度',2,'CLOSED','批量操作缺少进度提示','2026-06-14 08:46:01.354089',3,'进度提示提升用户体验','批量操作时显示\'正在处理 (45/100)...\'进度提示',1,3,3,1,NULL),(95,'请求被中断返回502','application.properties, K8s Deployment',4,'2026-06-14 08:45:59.903765','2026-06-14 08:45:59.881823','K8s滚动更新时，旧Pod直接终止导致处理中的请求被中断','生产环境，K8s + Spring Boot 3.4','正在处理的请求完成后Pod才退出','application.properties: server.shutdown=graceful; spring.lifecycle.timeout-per-shutdown-phase=30s; K8s: terminationGracePeriodSeconds=45',20,'配置Spring Boot graceful shutdown + K8s terminationGracePeriodSeconds',2,'部署更新时，正在处理的流转请求返回502 Bad Gateway','P1','部署流程',4,'1.触发一条流转操作\n2.在请求处理期间触发K8s滚动更新\n3.观察请求结果','Spring Boot未配置graceful shutdown，K8s发送SIGTERM后立即终止进程',3,'CLOSED','Spring Boot优雅关闭未配置导致请求中断','2026-06-14 08:46:01.354089',3,'优雅关闭配置正确','滚动更新时处理中的请求正常完成',1,1,3,1,NULL),(96,'只有\'暂无数据\'三个字','前端 EmptyState组件, 知识库页面',1,'2026-06-14 08:45:59.937950','2026-06-14 08:45:59.911594','新用户登录后知识库为空时，页面显示\'暂无数据\'三个字，无任何引导操作','全平台','空状态有友好的插图和引导文案，如\'还没有知识条目，缺陷关闭后会自动生成\'','创建EmptyState组件，根据不同页面显示不同的插图和引导文案，如知识库空状态显示\'缺陷关闭后将自动生成知识条目\'',60,'设计空状态组件：添加Lottie动画插图+引导文案+快捷操作按钮',4,'新用户登录后进入知识库页面，只有\'暂无数据\'文字','P3','所有列表页空状态',2,'1.用全新账号登录\n2.进入知识库页面\n3.观察页面内容','空状态组件仅显示文字，缺少插图和引导信息',1,'CLOSED','空状态页面引导不友好','2026-06-14 08:46:01.354089',2,'用户体验提升','空状态页面有插图和引导文案',1,4,3,1,NULL),(97,'列表滚动到顶部','前端 DefectList, Sheet组件',1,'2026-06-14 08:45:59.972292','2026-06-14 08:45:59.946584','在缺陷列表翻到第5页，点击打开某条缺陷Sheet，关闭Sheet后页面回到了第1页顶部','全平台','关闭Sheet后列表回到原来的滚动位置','DefectList组件使用useRef保存scrollTop，Sheet关闭后在useEffect中恢复',30,'在Sheet打开前保存scrollTop，关闭后恢复；或使用TanStack Router的scrollRestoration',4,'浏览到列表中间位置，打开Sheet再关闭，列表回到了顶部','P3','所有列表滚动位置',2,'1.浏览缺陷列表到第3页\n2.点击某条缺陷打开Sheet\n3.关闭Sheet\n4.观察列表位置','Sheet关闭时触发了列表的重新渲染或scrollTop重置',1,'CLOSED','页面滚动位置在路由切换后未恢复','2026-06-14 08:46:01.354089',2,'滚动位置恢复正常','关闭Sheet后列表滚动位置保持',1,3,3,1,NULL),(98,'reporter显示为null/空白','User实体, AuthService, UserService',3,'2026-06-14 08:46:00.003760','2026-06-14 08:45:59.979730','用户申请注销账号后，该用户创建的缺陷中reporter字段直接显示为null，而非\'已注销用户\'','生产环境','reporter显示为\'已注销用户\'，保留匿名标识','User添加deleted字段，注销时软删除并匿名化displayName；Defect的reporter显示为\'已注销用户\'',60,'用户注销改为软删除+匿名化，保留记录但清除个人信息',1,'注销submitter账号后，该用户提交的缺陷reporter显示为null的空白头像','P2','用户注销流程',2,'1.用submitter账号创建一条缺陷\n2.管理员注销该账号\n3.查看该缺陷的提交人信息','用户注销时直接删除了User记录，关联缺陷的reporter_id外键变为null',2,'CLOSED','用户账号注销后数据未做匿名化处理','2026-06-14 08:46:01.354089',2,'数据匿名化处理正确','注销后reporter显示为\'已注销用户\'',1,2,3,1,NULL),(99,'序号随排序条件打乱','前端 DefectListTable',1,'2026-06-14 08:46:00.055675','2026-06-14 08:46:00.010473','缺陷列表的序号列（第1列#号）在排序后随机排列而非保持1,2,3...顺序','全平台','序号始终为1,2,3,4...按当前页顺序排列','改为 {row.index + 1} 或带分页的 {pageIndex * pageSize + row.index + 1}',10,'序号列使用row.index + page.offset + 1计算显示序号',5,'按优先级降序排列后，序号列显示为5,12,3,27...而不是1,2,3,4...','P2','所有表格序号列',2,'1.进入缺陷列表\n2.点击任意列头排序\n3.观察第1列序号','序号使用了defect.id而非行索引row.index',1,'CLOSED','表格排序后序号列乱序','2026-06-14 08:46:01.354089',2,'序号列逻辑正确','排序后序号保持1,2,3...顺序',1,3,3,1,NULL),(100,'弹窗直接关闭，所有填写内容丢失','前端 CreateDefectDialog',2,'2026-06-14 08:46:00.088460','2026-06-14 08:46:00.065476','用户在创建缺陷弹窗中填写了大量内容，误按ESC键关闭弹窗后所有填写的内容丢失','全平台','ESC关闭弹窗前弹出确认提示\'内容未保存，确定关闭？\'或表单内容自动缓存','添加handleClose检测：if(formState.isDirty) { setShowConfirm(true) } else { close() }',30,'在ESC和遮罩点击关闭前检测表单dirty状态，有未保存内容时弹出二次确认',4,'填写了缺陷的6个必填字段后误按ESC键，弹窗关闭，重新打开后表单为空','P1','所有表单弹窗',3,'1.点击创建缺陷\n2.填写所有必填字段\n3.按ESC键\n4.重新打开创建弹窗','弹窗组件的onEscapeKeyDown直接关闭弹窗，未做未保存内容检测',3,'CLOSED','创建缺陷时模态框ESC键关闭后表单数据丢失','2026-06-14 08:46:01.354089',4,'表单内容保护机制有效','填写内容后按ESC弹窗提示\'内容未保存\'',1,2,3,1,NULL),(101,'无痕模式下.exe文件上传成功','FileService (后端)',4,NULL,'2026-06-14 08:46:00.096398','缺陷修复后QA验证时发现：Chrome无痕模式下登录后，文件上传扩展名校验依然失效','Chrome 125无痕模式','所有模式下.exe文件均被拒绝','在后端upload方法中添加ContentType白名单校验，前后端双重防护',NULL,'在后端FileService中也添加文件类型校验作为最终防线',2,'在Chrome无痕模式下，上传.exe文件仍然成功','P1',NULL,3,'1.打开Chrome无痕窗口\n2.登录系统\n3.上传.exe文件','初次修复只在前端做了校验，无痕模式下Service Worker缓存未更新，仍有旧代码',4,'REOPENED','修复后验证时发现原问题在特定条件下仍然复现','2026-06-14 08:46:01.354089',3,NULL,NULL,1,1,2,1,NULL),(102,'重启期间产生的消息被丢弃','Kafka Consumer配置',4,NULL,'2026-06-14 08:46:00.118681','之前修复的消息延迟问题，在MQ消费者重启后积压的消息被直接丢弃而非重新消费','生产环境，Kafka','重启后自动消费所有积压消息','Kafka consumer配置: enable.auto.commit=false, auto.offset.reset=earliest',NULL,'修改消费者配置auto.offset.reset=earliest，确保重启后不丢消息',2,'Kafka消费者重启后，重启期间的500条积压消息未被消费','P1',NULL,4,'1.向消息队列发送100条通知\n2.重启消费者服务\n3.检查消息消费情况','Kafka消费者未配置auto.offset.reset=earliest，重启后从latest开始消费',4,'REOPENED','消息队列消费者重启后未处理积压消息','2026-06-14 08:46:01.354089',4,NULL,NULL,1,2,2,1,NULL),(103,'报错Date parse error，导入失败',NULL,2,NULL,'2026-06-14 08:46:00.145743','批量导入缺陷时日期格式dd/MM/yyyy无法识别报错','Chrome 125, Win11','日期正确解析为2025-12-31',NULL,NULL,NULL,4,'导入CSV文件，日期列格式为31/12/2025，系统报Date parse error','P1',NULL,2,'1.准备含dd/MM/yyyy日期格式的CSV\n2.点击导入\n3.选择文件',NULL,3,'DRAFT','导入CSV时日期格式自动识别错误','2026-06-14 08:46:00.145743',3,NULL,NULL,0,2,NULL,1,NULL),(104,'通知中心无消息',NULL,1,NULL,'2026-06-14 08:46:00.151373','管理员将缺陷指派给工程师后，工程师通知中心无新消息','全平台','李四收到\'缺陷#55已分配给你\'通知',NULL,NULL,NULL,3,'管理员将缺陷#55指派给李四，李四登录后通知中心无任何提醒','P2',NULL,2,'1.管理员打开缺陷#55\n2.修改负责人为李四\n3.用李四账号登录\n4.查看通知中心',NULL,2,'DRAFT','缺陷指派后负责人未收到站内通知','2026-06-14 08:46:00.151373',3,NULL,NULL,0,3,NULL,1,NULL),(105,'显示科学计数法',NULL,1,NULL,'2026-06-14 08:46:00.156917','缺陷ID和统计数据导出Excel后显示为科学计数法','Excel 365, Win11','ID正常显示数字',NULL,NULL,NULL,3,'导出缺陷列表Excel，ID列123456显示为1.23E+05','P3',NULL,2,'1.导出缺陷列表Excel\n2.打开查看ID列',NULL,1,'DRAFT','导出Excel时数字格式自动变成科学计数法','2026-06-14 08:46:00.156917',2,NULL,NULL,0,4,NULL,1,NULL),(106,'只能逐条操作',NULL,1,NULL,'2026-06-14 08:46:00.161346','通知中心有50条未读，只能逐条点击标记已读，无全部已读按钮','全平台','提供全部已读按钮',NULL,NULL,NULL,4,'通知中心累积50条消息，想批量标记已读但找不到按钮','P3',NULL,2,'1.进入通知中心\n2.查找全部标记已读按钮',NULL,1,'DRAFT','通知中心消息无法标记全部已读','2026-06-14 08:46:00.161346',2,NULL,NULL,0,3,NULL,1,NULL),(107,'行高异常',NULL,1,NULL,'2026-06-14 08:46:00.166328','浏览器缩放或系统字体调整后表格行高过大','Win11辅助功能','表格自适应字体变化',NULL,NULL,NULL,2,'系统字体设为150%后，表格行高变成正常2倍','P3',NULL,2,'1.系统设置字体150%\n2.打开缺陷列表',NULL,1,'DRAFT','页面字体大小切换后表格行高异常','2026-06-14 08:46:00.166328',2,NULL,NULL,0,3,NULL,1,NULL),(108,'超时触发重启',NULL,4,NULL,'2026-06-14 08:46:00.172642','K8s存活探针调用/actuator/health偶发超时触发Pod重启','生产环境 K8s','健康检查在1s内响应',NULL,NULL,NULL,2,'Pod每2小时重启一次，日志显示/actuator/health返回耗时>5s','P0',NULL,4,'1.观察Pod重启频率\n2.查看健康检查日志',NULL,5,'REPORTED','服务健康检查端点偶发超时','2026-06-14 08:46:00.172642',4,NULL,NULL,0,1,NULL,1,NULL),(109,'镜像850MB',NULL,1,NULL,'2026-06-14 08:46:00.178353','Docker镜像超过800MB，CI/CD拉取和部署耗时超10分钟','CI/CD流水线','镜像<300MB',NULL,NULL,NULL,3,'docker push耗时5分钟，k8s拉取镜像又耗时5分钟','P3',NULL,2,'1.构建Docker镜像\n2.docker images查看大小',NULL,2,'REPORTED','Docker镜像体积过大导致部署缓慢','2026-06-14 08:46:00.178353',2,NULL,NULL,0,3,NULL,1,NULL),(110,'头像不变',NULL,1,NULL,'2026-06-14 08:46:00.196322','上传头像后页面无预览刷新，需手动刷新才能看到新头像','Chrome 125','上传后头像即时更新',NULL,NULL,NULL,3,'上传新头像照片，页面仍显示默认头像','P3',NULL,2,'1.进入个人设置\n2.上传头像\n3.观察头像变化',NULL,1,'REPORTED','用户个人设置页头像上传后不显示预览','2026-06-14 08:46:00.196322',2,NULL,NULL,0,4,NULL,1,NULL),(111,'折叠内容搜不到',NULL,1,NULL,'2026-06-14 08:46:00.205514','浏览器Ctrl+F搜索无法找到折叠在Sheet面板内的缺陷描述内容','Chrome 125','能搜到所有可见和已加载内容',NULL,NULL,NULL,4,'缺陷列表中使用Ctrl+F搜索某个缺陷标题，找不到因为它在当前页未展开','P2',NULL,2,'1.打开缺陷列表\n2.Ctrl+F搜索关键词',NULL,2,'REPORTED','页面Ctrl+F浏览器搜索无法搜索折叠内容','2026-06-14 08:46:00.205514',3,NULL,NULL,0,2,NULL,1,NULL),(112,'页面冻结需刷新',NULL,2,NULL,'2026-06-14 08:46:00.211395','浏览器Tab后台放置30分钟后切回，页面所有按钮点击无响应需刷新','Chrome 125','页面正常响应操作',NULL,NULL,NULL,5,'最小化浏览器30分钟后切回，列表页无法滚动无法点击','P1',NULL,2,'1.打开系统\n2.切到其他Tab等待30分钟\n3.切回',NULL,3,'REPORTED','长时间不操作后页面点击无响应','2026-06-14 08:46:00.211395',4,NULL,NULL,0,3,NULL,1,NULL),(113,'同时勾选和打开Sheet',NULL,1,NULL,'2026-06-14 08:46:00.225548','手机浏览器中点击缺陷列表某行，同时触发了勾选和Sheet打开','iOS Safari','仅打开Sheet不勾选',NULL,NULL,NULL,5,'iPhone Safari点击列表行，先勾选了复选框又打开了Sheet','P2',NULL,2,'1.手机浏览器打开缺陷列表\n2.点击某行',NULL,2,'REPORTED','移动端点击缺陷行触发两次事件','2026-06-14 08:46:00.225548',3,NULL,NULL,0,3,NULL,1,NULL),(114,'只能单选',NULL,2,NULL,'2026-06-14 08:46:00.231952','状态筛选只支持单选，不能同时查看多个状态','全平台','支持多选状态筛选',NULL,NULL,NULL,4,'想同时查看TRIAGING和ANALYZED的缺陷需要切换两次','P2',NULL,2,'1.点击状态筛选\n2.尝试多选',NULL,2,'REPORTED','列表筛选条件不能多选组合','2026-06-14 08:46:00.231952',3,NULL,NULL,0,3,NULL,1,NULL),(115,'3次无反应',NULL,1,NULL,'2026-06-14 08:46:00.237056','将文件拖入上传区域约30%概率无反应需重新拖拽','Chrome/Edge Win11','每次拖拽都触发上传',NULL,NULL,NULL,3,'拖拽PNG截图到上传区偶尔无响应','P2',NULL,2,'1.拖拽文件到上传区\n2.重复10次',NULL,2,'REPORTED','附件拖拽上传偶尔不触发','2026-06-14 08:46:00.237056',3,NULL,NULL,0,4,NULL,1,NULL),(116,'应用启动失败',NULL,4,NULL,'2026-06-14 08:46:00.242599','docker-compose up时应用先于MySQL就绪启动导致连接失败','Docker Compose','应用等待MySQL就绪后启动',NULL,NULL,NULL,3,'docker-compose up后应用报Connection refused','P0',NULL,3,'1.docker-compose down\n2.docker-compose up',NULL,4,'TRIAGING','Docker Compose启动顺序导致应用连接MySQL失败','2026-06-14 08:46:00.242599',4,NULL,NULL,0,1,2,1,NULL),(117,'显示A的缓存数据',NULL,2,NULL,'2026-06-14 08:46:00.250987','退出A账号登录B账号后列表仍显示A的数据','Chrome 125','显示B的数据',NULL,NULL,NULL,3,'A退出→B登录→列表仍显示A创建的缺陷','P2',NULL,3,'1.A登录查看列表\n2.A退出\n3.B登录',NULL,3,'TRIAGING','同一个浏览器多个账号快速切换时缓存混乱','2026-06-14 08:46:00.250987',3,NULL,NULL,0,2,2,1,NULL),(118,'无线程相关指标',NULL,2,NULL,'2026-06-14 08:46:00.259130','现有Grafana面板缺少JVM活跃线程数监控无法提前发现线程泄漏','Grafana+Prometheus','有jvm_threads_live等指标',NULL,NULL,NULL,4,'查看Grafana面板找不到thread相关指标','P2',NULL,2,'1.打开Grafana\n2.搜索thread指标',NULL,2,'TRIAGING','Grafana监控面板缺少JVM线程数指标','2026-06-14 08:46:00.259130',2,NULL,NULL,0,3,2,1,NULL),(119,'主bundle 2.3MB',NULL,3,NULL,'2026-06-14 08:46:00.268601','Vite打包后主bundle超过2MB，3G网络下首屏加载>6s','3G网络','主bundle<500KB',NULL,NULL,NULL,3,'Lighthouse报告提示Avoid large JavaScript payloads','P1',NULL,3,'1.npm run build\n2.查看dist大小\n3.Lighthouse测试',NULL,3,'TRIAGING','前端bundle大小超过2MB首屏加载慢','2026-06-14 08:46:00.268601',4,NULL,NULL,0,2,2,1,NULL),(120,'显示裂图',NULL,1,NULL,'2026-06-14 08:46:00.275485','知识条目引用外部图片链接已失效显示裂图','生产环境','图片正常显示或使用本地缓存',NULL,NULL,NULL,3,'排查手册中引用的架构图URL返回404','P3',NULL,2,'1.打开知识条目详情\n2.查看图片',NULL,2,'TRIAGING','知识库条目内容中的图片链接失效','2026-06-14 08:46:00.275485',2,NULL,NULL,0,3,2,1,NULL),(121,'筛选条件丢失',NULL,2,NULL,'2026-06-14 08:46:00.282148','设置筛选条件后刷新页面URL参数被清空','Chrome 125','筛选条件保持',NULL,NULL,NULL,4,'筛选状态=TRIAGING&keyword=登录，F5刷新后回到无筛选状态','P2',NULL,2,'1.设置筛选条件\n2.复制URL\n3.F5刷新',NULL,2,'TRIAGING','列表页筛选条件URL参数刷新后丢失','2026-06-14 08:46:00.282148',3,NULL,NULL,0,3,2,1,NULL),(122,'命名混乱',NULL,1,NULL,'2026-06-14 08:46:00.289682','缓存Key命名混乱无统一规范导致运维排查Key占用困难','生产环境','Key统一如defect:cache:{id}',NULL,NULL,NULL,3,'缓存Key有defect:123也有123:defect格式混乱','P3',NULL,2,'1.redis-cli keys *\n2.查看Key命名',NULL,1,'TRIAGING','Redis缓存Key设计不规范导致难以排查','2026-06-14 08:46:00.289682',2,NULL,NULL,0,3,2,1,NULL),(123,'部分显示中文',NULL,1,NULL,'2026-06-14 08:46:00.298294','部分placeholder和tooltip未国际化英文用户看到中文','全平台英文环境','所有文案显示英文',NULL,NULL,NULL,3,'英文语言设置下知识库搜索框placeholder显示中文\'搜索知识条目\'','P2',NULL,2,'1.切换语言为English\n2.查看各页面',NULL,2,'TRIAGING','i18n国际化缺失导致英文用户看到中文占位符','2026-06-14 08:46:00.298294',3,NULL,NULL,0,3,2,1,NULL),(124,'抛出500异常',NULL,3,NULL,'2026-06-14 08:46:00.306816','在Controller返回JSON时访问懒加载属性导致LazyInitializationException','生产环境','正确序列化关联对象',NULL,NULL,NULL,3,'DefectController返回详情时访问verifier.getName()抛出异常','P1',NULL,3,'1.请求/api/defects/1\n2.查看响应','JPA Entity在事务外访问懒加载属性，OpenEntityManagerInViewFilter未配置',4,'ANALYZED','JPA懒加载在Controller层触发懒加载异常','2026-06-14 08:46:01.354089',3,NULL,NULL,1,1,2,1,NULL),(125,'中文乱码',NULL,2,NULL,'2026-06-14 08:46:00.316539','用WPS打开导出的CSV文件中文全部乱码但Excel正常','WPS 2024','中文正常显示',NULL,NULL,NULL,4,'WPS打开缺陷导出CSV中文乱码','P2',NULL,2,'1.导出CSV\n2.WPS打开','CSV文件未添加UTF-8 BOM头WPS默认用GBK解码',2,'ANALYZED','用户导出的CSV用WPS打开乱码','2026-06-14 08:46:01.354089',3,NULL,NULL,1,2,2,1,NULL),(126,'卡顿<20fps',NULL,2,NULL,'2026-06-14 08:46:00.327745','缺陷描述超5000字时Sheet面板滚动帧率<20fps','Chrome 125','滚动流畅60fps',NULL,NULL,NULL,3,'打开描述含8000字缺陷详情Sheet滚动卡顿','P2',NULL,2,'1.创建描述8000字缺陷\n2.打开Sheet\n3.滚动','大文本未虚拟化直接渲染到DOM导致大量DOM节点',2,'ANALYZED','缺陷详情页大文本渲染导致滚动卡顿','2026-06-14 08:46:01.354089',3,NULL,NULL,1,3,2,1,NULL),(127,'仅状态变更有记录',NULL,4,NULL,'2026-06-14 08:46:00.339253','除流转记录外其余操作如编辑/删除/导出均无审计日志无法溯源','全环境','所有写操作有审计记录',NULL,NULL,NULL,5,'安全审计要求所有写操作有日志但当前仅记录流转','P1',NULL,3,'1.编辑缺陷字段\n2.查看日志系统','AuditLog切面未配置或只拦截了transition接口',3,'ANALYZED','系统缺少操作审计日志','2026-06-14 08:46:01.354089',2,NULL,NULL,1,1,2,1,NULL),(128,'无反应',NULL,1,NULL,'2026-06-14 08:46:00.348807','移动端浏览器点击导出按钮无反应','iOS Safari','触发下载或弹出分享菜单',NULL,NULL,NULL,3,'iPhone Safari点击导出无下载弹窗','P2',NULL,2,'1.iPhone打开系统\n2.点击导出','前端导出使用Blob+URL.createObjectURL移动端Safari不支持此方式',2,'ANALYZED','导出功能在移动端浏览器无法使用','2026-06-14 08:46:01.354089',3,NULL,NULL,1,2,2,1,NULL),(129,'内存升至1.2GB',NULL,3,NULL,'2026-06-14 08:46:00.362399','缺陷列表页保持打开2小时浏览器内存从200MB升至1.2GB','Chrome 125','内存稳定在300MB内',NULL,NULL,NULL,5,'Chrome任务管理器显示该Tab内存1.2GB','P1',NULL,3,'1.打开缺陷列表\n2.Chrome任务管理器观察\n3.等待2小时','TanStack Query缓存未设置gcTime或组件未正确卸载导致数据累积',4,'ANALYZED','列表页长时间打开后浏览器内存占用>1GB','2026-06-14 08:46:01.354089',3,NULL,NULL,1,2,2,1,NULL),(130,'B看到旧头像',NULL,1,NULL,'2026-06-14 08:46:00.371130','修改头像后只有自己能看到新头像其他人看到的仍是旧头像','全平台','B看到A的新头像',NULL,NULL,NULL,3,'A修改头像后B看到的A头像仍是默认头像','P3',NULL,2,'1.A上传新头像\n2.B登录查看A的头像','头像URL未添加版本参数浏览器使用缓存旧头像',2,'ANALYZED','用户上传头像后其他用户看不到新头像','2026-06-14 08:46:01.354089',2,NULL,NULL,1,3,2,1,NULL),(131,'无独立端口',NULL,2,NULL,'2026-06-14 08:46:00.381715','指标/metrics暴露在业务端口8081未做独立端口','生产环境','指标端口独立如8082',NULL,NULL,NULL,4,'Prometheus抓取/metrics走8081与业务请求共用一个线程池','P2',NULL,3,'1.curl localhost:8081/metrics\n2.查看响应','management.server.port未配置导致指标共用业务端口',2,'ANALYZED','Prometheus指标端口与业务端口混用','2026-06-14 08:46:01.354089',2,NULL,NULL,1,2,2,1,NULL),(132,'关键词清空',NULL,2,NULL,'2026-06-14 08:46:00.397359','在状态筛选页签间切换时已设置的关键词等条件被重置','全平台','关键词保留',NULL,NULL,NULL,4,'筛选状态=TRIAGING后搜索关键词再点其他状态页签关键词消失','P2',NULL,2,'1.选择TRIAGING页签\n2.搜索关键词\n3.点ANALYZED页签','Tab切换时重新初始化筛选状态未保留searchParams',2,'ANALYZED','列表页Tab切换时筛选条件被清空','2026-06-14 08:46:01.354089',3,NULL,NULL,1,3,2,1,NULL),(133,'结果不一致',NULL,1,NULL,'2026-06-14 08:46:00.405605','知识库搜索大小写敏感搜索Java和java结果不同','全平台','两个搜索返回相同结果',NULL,NULL,NULL,3,'搜索Java返回3条java返回0条预期结果相同','P3',NULL,2,'1.搜索Java\n2.搜索java\n3.对比结果','KnowledgeRepository查询未使用LOWER()或数据库排序规则区分大小写',1,'ANALYZED','知识库搜索不区分大小写导致英文搜索失效','2026-06-14 08:46:01.354089',2,NULL,NULL,1,3,2,1,NULL),(134,'版本冲突',NULL,3,NULL,'2026-06-14 08:46:00.416211','引入多个第三方库后版本冲突运行时报NoClassDefFoundError','JDK21+Maven','依赖版本统一无冲突',NULL,NULL,'在pom.xml显式声明Guava版本号排除传递依赖的旧版本',3,'启动时正常运行时调用某方法抛NoClassDefFoundError: com/google/common/collect/ImmutableList','P1',NULL,3,'1.mvn dependency:tree\n2.查看冲突','多个库依赖不同版本Guava传递依赖引入旧版本覆盖新版本',4,'PLANNED','Maven依赖版本冲突导致NoClassDefFoundError','2026-06-14 08:46:01.355099',3,NULL,NULL,1,1,2,1,NULL),(135,'存在拼接SQL',NULL,5,NULL,'2026-06-14 08:46:00.426996','报表模块拼接SQL未参数化存在二次SQL注入风险','全环境','所有SQL使用参数化或CriteriaAPI',NULL,NULL,'改用Spring Data JPA Criteria API或至少使用?占位符+参数绑定',3,'审计扫描发现报表模块存在拼接SQL代码','P0',NULL,3,'1.代码搜索String.concat拼接SQL\n2.查看报表模块','报表模块为快速交付使用原生JDBC拼接SQL未用PrepareStatement',5,'PLANNED','动态生成的SQL语句未用参数化查询','2026-06-14 08:46:01.355099',3,NULL,NULL,1,1,2,1,NULL),(136,'两个实例同时运行',NULL,3,NULL,'2026-06-14 08:46:00.443212','@Scheduled定时任务未加锁导致上一次未执行完新任务就启动','生产环境','同时只有一个实例运行',NULL,NULL,'引入ShedLock或使用数据库锁表确保定时任务单实例执行',2,'清理临时文件定时任务配置每小时执行但某次执行超过1小时导致两个实例同时运行','P2',NULL,3,'1.触发定时任务\n2.任务执行超1小时\n3.观察任务实例数','@Scheduled默认不检查上次是否完成未使用ShedLock等分布式锁',3,'PLANNED','定时任务在执行期间可被重复触发','2026-06-14 08:46:01.355099',2,NULL,NULL,1,1,2,1,NULL),(137,'无TraceId',NULL,2,NULL,'2026-06-14 08:46:00.457667','跨服务调用时日志缺少TraceId无法追踪完整请求链路','微服务环境','所有日志包含统一TraceId',NULL,NULL,'添加TraceIdFilter在请求入口生成UUID写入MDC所有日志自动携带',4,'API网关→用户服务→缺陷服务链路中日志无统一TraceId','P2',NULL,3,'1.发起API请求\n2.查看各服务日志','Logback MDC未配置TraceId自动注入Spring Cloud Sleuth未引入',2,'PLANNED','应用日志未输出TraceId导致分布式追踪困难','2026-06-14 08:46:01.355099',2,NULL,NULL,1,2,2,1,NULL),(138,'有开发警告',NULL,1,NULL,'2026-06-14 08:46:00.469104','生产构建后控制台仍有React DevTools警告信息泄露技术栈细节','生产环境','无React警告',NULL,NULL,'vite build时添加--mode production确保NODE_ENV=production',3,'生产环境Console看到React开发警告暴露版本号','P3',NULL,2,'1.打开生产环境\n2.查看Console','Vite构建时mode未正确设置为production导致React开发包被引入',1,'PLANNED','release模式下React仍渲染开发警告','2026-06-14 08:46:01.355099',2,NULL,NULL,1,3,2,1,NULL),(139,'突然跳转登录页',NULL,3,NULL,'2026-06-14 08:46:00.483027','Token过期后所有API返回401前端未尝试刷新而是直接跳转登录页','全平台','自动刷新Token保持登录',NULL,NULL,'在API client中添加Token过期前5分钟自动调用refresh接口逻辑',3,'使用系统30分钟后突然跳转到登录页所有未保存内容丢失','P1',NULL,3,'1.登录使用系统\n2.等待Token过期\n3.继续操作','API client拦截器仅处理401重定向未在Token将过期时主动调用refresh接口',3,'PLANNED','JWT过期后前端未自动刷新Token','2026-06-14 08:46:01.355099',4,NULL,NULL,1,2,2,1,NULL),(140,'白屏',NULL,2,NULL,'2026-06-14 08:46:00.495713','pdfjs-dist在Firefox中渲染PDF出现空白页','Firefox 127','PDF正常预览',NULL,NULL,'显式设置pdfjs.GlobalWorkerOptions.workerSrc',3,'Firefox 127打开PDF附件预览显示白屏','P1',NULL,2,'1.Firefox打开系统\n2.上传PDF\n3.预览','pdfjs-dist Worker路径在Firefox下解析错误',3,'IN_REPAIR','PDF预览组件在Firefox下不兼容','2026-06-14 08:46:01.355099',3,NULL,NULL,1,2,2,1,NULL),(141,'光标跳位',NULL,1,NULL,'2026-06-14 08:46:00.513354','使用搜狗输入法在Sheet面板输入时光标定位错误','搜狗输入法 Win11','输入正常光标位置正确',NULL,NULL,'使用onCompositionStart/onCompositionEnd处理IME输入状态',4,'搜狗输入法输入时光标跳到文本框外面','P2',NULL,2,'1.切换搜狗输入法\n2.在缺陷描述编辑','输入法composition事件与React受控组件冲突',2,'IN_REPAIR','表单输入时搜索引擎输入法兼容问题','2026-06-14 08:46:01.355099',3,NULL,NULL,1,2,2,1,NULL),(142,'连接未归还',NULL,5,NULL,'2026-06-14 08:46:00.528047','特定异常路径下数据库连接未归还连接池导致连接耗尽','生产环境','异常后连接归还',NULL,NULL,'在批量导入方法添加try-finally确保EntityManager.close()',2,'批量导入失败后连接池从20降至5然后请求开始排队','P0',NULL,4,'1.执行批量导入\n2.模拟导入失败\n3.查看连接池','批量导入异常处理中未在finally块关闭EntityManager',5,'IN_REPAIR','数据库连接泄露在异常场景下未释放','2026-06-14 08:46:01.355099',4,NULL,NULL,1,1,2,1,NULL),(143,'错位',NULL,1,NULL,'2026-06-14 08:46:00.542927','某些分辨率下表格header列宽与内容列宽不一致','Chrome 125','表头与内容对齐',NULL,NULL,'使用table-fixed布局+统一ColumnSizing配置',2,'1366×768分辨率下表头列与内容列错位5px','P3',NULL,2,'1.调整窗口1366×768\n2.查看表格','TanStack Table columnSizing与CSS表格布局冲突',1,'IN_REPAIR','缺陷列表表格header与内容列对不齐','2026-06-14 08:46:01.355099',2,NULL,NULL,1,3,2,1,NULL),(144,'全部在一格',NULL,1,NULL,'2026-06-14 08:46:00.558247','从缺陷列表复制数据粘贴到Excel时所有内容挤在一个单元格','Excel 365','数据按行列粘贴',NULL,NULL,'使用原生table元素或添加data-table导出剪贴板时保持表格格式',3,'选中列表数据Ctrl+C在Excel中Ctrl+V全部在A1单元格','P3',NULL,2,'1.选中列表多行\n2.Ctrl+C\n3.Excel Ctrl+V','表格使用DIV+CSS布局非原生table导致剪贴板不含表格结构',1,'IN_REPAIR','复制粘贴表格内容到Excel时格式丢失','2026-06-14 08:46:01.355099',2,NULL,NULL,1,3,2,1,NULL),(145,'504 Gateway Timeout',NULL,2,NULL,'2026-06-14 08:46:00.573493','Nginx反向代理超时60s但后端DeepSeek调用最多180s导致504','Nginx+Spring Boot','正常返回或异步处理',NULL,NULL,'修改Nginx proxy_read_timeout为300s或AI调用改为异步+轮询',3,'流转缺陷触发AI生成时代理超时返回504','P1',NULL,3,'1.流转缺陷触发AI\n2.查看Network','Nginx proxy_read_timeout=60s小于DeepSeek调用超时180s',3,'IN_REPAIR','API并发调用时代理超时配置不合理','2026-06-14 08:46:01.355099',3,NULL,NULL,1,1,2,1,NULL),(146,'页面卡顿',NULL,1,NULL,'2026-06-14 08:46:00.586431','数据埋点SDK上报失败时同步重试阻塞了页面渲染','全平台','埋点失败不影响页面性能',NULL,NULL,'改为navigator.sendBeacon异步发送失败时写入localStorage延迟重试',4,'埋点服务不可用时页面明显卡顿Performance显示Long Task','P2',NULL,2,'1.停掉埋点服务\n2.操作页面','埋点SDK使用同步XMLHttpRequest发送数据失败重试逻辑在主线程执行',2,'IN_REPAIR','前端埋点数据上报失败时阻塞主线程','2026-06-14 08:46:01.355099',3,NULL,NULL,1,2,2,1,NULL),(147,'产物含冲突标记',NULL,5,NULL,'2026-06-14 08:46:00.598968','合并分支时冲突未完全解决dist包含<<<<<<<标记导致JS报错','CI/CD','构建产物无冲突标记',NULL,NULL,'在CI构建脚本中添加grep检查禁止构建产物包含<<<<<<<等冲突标记',1,'部署后页面白屏查看JS文件发现<<<<<<< HEAD残留','P0',NULL,5,'1.合并代码\n2.npm run build\n3.检查dist','CI流水线未检查构建产物中是否包含冲突标记',5,'IN_REPAIR','Git合并冲突后前端构建产物包含冲突标记','2026-06-14 08:46:01.355099',5,NULL,NULL,1,1,2,1,NULL),(148,'连接假死',NULL,2,NULL,'2026-06-14 08:46:00.613877','WiFi切换到4G时WebSocket连接未检测到断开一直显示在线','移动端浏览器','自动重连WebSocket',NULL,NULL,'添加WebSocket心跳每30秒ping一次超时断开并自动重连',3,'从WiFi切到4G后实时通知不更新显示在线但收不到消息','P1',NULL,2,'1.WiFi连接系统\n2.切到4G\n3.触发通知','WebSocket未实现心跳检测和自动重连机制',3,'IN_REPAIR','WebSocket连接在移动网络切换时不断开重连','2026-06-14 08:46:01.355099',4,NULL,NULL,1,3,2,1,NULL),(149,'手动保存被覆盖',NULL,2,NULL,'2026-06-14 08:46:00.627325','自动保存草稿的时间戳晚于手动保存导致草稿覆盖了正式数据','全平台','自动保存不覆盖手动保存数据',NULL,NULL,'自动保存前检查lastManualSaveTime如在30秒内则跳过自动保存',3,'手动保存表单后自动保存草稿把已保存数据覆盖为空','P1',NULL,2,'1.填写表单\n2.手动点击保存\n3.等待自动保存触发','自动保存逻辑未比较lastManualSaveTime时间戳直接覆盖',3,'IN_REPAIR','表单自动保存草稿功能覆盖了用户手动保存的数据','2026-06-14 08:46:01.355099',3,NULL,NULL,1,2,2,1,NULL),(150,'内存持续增长','前端多个组件',4,NULL,'2026-06-14 08:46:00.639080','在列表和详情间快速切换100次后内存增长500MB','Chrome 125','内存稳定不增长','全局搜索addEventListener确保都有对应的return()=>removeEventListener',120,'检查所有useEffect确保每个addEventListener都有对应的cleanup',2,'Chrome Performance录制显示Event Listeners累积','P1',NULL,3,'1.打开Chrome Performance\n2.快速切换列表/详情100次\n3.录制内存','useEffect中addEventListener未在cleanup中removeEventListener',4,'FIXED','内存泄漏：事件监听器在组件卸载后未移除','2026-06-14 08:46:01.355099',3,NULL,NULL,1,1,2,1,NULL),(151,'部分请求失败','K8s Deployment',5,NULL,'2026-06-14 08:46:00.652709','上游服务故障后负载均衡仍转发请求导致部分请求失败','K8s Service','请求全部转发到健康Pod','Deployment添加readinessProbe: httpGet path=/actuator/health port=8081',30,'添加readinessProbe并在Service中配置publishNotReadyAddresses:false',3,'后端服务A宕机后仍有30%请求被转发到A返回502','P0',NULL,4,'1.停止一个Pod\n2.观察请求成功率','K8s Service未配置readinessProbe或LoadBalancer未使用podReadinessGates',5,'FIXED','LoadBalancer未配置健康检查导致请求打到故障节点','2026-06-14 08:46:01.355099',4,NULL,NULL,1,1,2,1,NULL),(152,'无历史版本','KnowledgeItem实体, KnowledgeService',1,NULL,'2026-06-14 08:46:00.668256','编辑已发布知识条目后保存旧内容被覆盖无法回退','全平台','支持查看和回退历史版本','创建KnowledgeItemVersion实体记录每次编辑的content快照+编辑人+编辑时间',90,'添加knowledge_item_versions表每次编辑追加新版本记录',3,'修改排查手册内容后想回退发现无历史版本','P2',NULL,2,'1.编辑已发布知识条目\n2.保存\n3.尝试查看历史版本','KnowledgeItem表无版本控制字段更新直接覆盖content',2,'FIXED','知识库条目发布后重新编辑内容未记录修改历史','2026-06-14 08:46:01.355099',3,NULL,NULL,1,3,2,1,NULL),(153,'明文密码','application.properties, Docker Compose',5,NULL,'2026-06-14 08:46:00.684501','application.properties中数据库密码和API Key明文存储','版本控制','敏感配置使用环境变量或加密存储','修改application.properties: spring.datasource.password=${DB_PASSWORD}等',45,'敏感信息改为${ENV_VAR}占位符生产环境通过环境变量注入或使用Jasypt加密',5,'代码仓库中application.properties包含root123和sk-b28...明文','P0',NULL,4,'1.打开application.properties\n2.查看敏感配置','项目未接入配置中心或环境变量敏感信息直接写在配置文件中',5,'FIXED','properties配置文件中的密码明文存储','2026-06-14 08:46:01.355099',2,NULL,NULL,1,1,2,1,NULL),(154,'弹窗不关闭','前端 CreateDefectDialog',2,NULL,'2026-06-14 08:46:00.698816','提交缺陷成功后弹窗不关闭用户以为未提交又点了一次','Chrome 125','弹窗关闭返回列表','在useCreateDefect的onSuccess中添加closeDialog()调用',15,'在onSuccess中添加setCreateDialogOpen(false)',5,'提交创建缺陷API返回200但弹窗未关闭','P1',NULL,2,'1.填写缺陷表单\n2.点击提交\n3.观察弹窗','创建缺陷mutation的onSuccess回调中缺少关闭弹窗逻辑',3,'FIXED','用户提交缺陷后页面一直停留在创建弹窗','2026-06-14 08:46:01.355099',4,NULL,NULL,1,3,2,1,NULL),(155,'显示NaN','lib/utils.ts fmtDateTime',3,NULL,'2026-06-14 08:46:00.714225','Firefox中缺陷创建时间显示为NaN/NaN/NaN','Firefox 127','日期正常显示','全局日期处理函数使用dayjs(dateStr).format(\'YYYY-MM-DD HH:mm\')',20,'日期解析改为new Date(Date.parse(str))或使用dayjs统一处理',3,'Firefox 127打开缺陷列表所有日期显示NaN','P1',NULL,3,'1.Firefox打开系统\n2.查看缺陷列表日期列','日期字符串格式YYYY-MM-DD HH:mm:ss Firefox不支持直接用new Date解析',4,'FIXED','Firefox浏览器下Date格式显示NaN','2026-06-14 08:46:01.355099',4,NULL,NULL,1,2,2,1,NULL),(156,'第1页数据重复出现','前端列表分页逻辑',2,NULL,'2026-06-14 08:46:00.731093','列表页下拉加载更多时出现前面已展示的数据重复显示','全平台','新数据与已有数据不重复','const nextPage = page + 1; fetchDefects({page: nextPage})',10,'修复加载更多逻辑pageIndex正确+1',4,'滚动到底部加载第2页数据但返回的仍是第1页数据','P2',NULL,2,'1.滚动列表到底\n2.触发加载更多\n3.查看新增数据','分页参数page在加载更多后未递增始终为0',2,'FIXED','滚动加载更多时数据重复','2026-06-14 08:46:01.355099',3,NULL,NULL,1,2,2,1,NULL),(157,'运行旧镜像','CI配置, K8s Deployment',5,NULL,'2026-06-14 08:46:00.749461','CI构建推送latest标签导致K8s拉取到旧版本镜像','K8s+CI','Pod运行最新镜像','CI: docker tag app:${CI_COMMIT_SHA}; K8s: imagePullPolicy: Always',20,'CI构建使用git commit hash作为镜像标签K8s配置imagePullPolicy=Always',3,'部署后功能与预期不符发现K8s Pod运行的是旧版本镜像','P1',NULL,4,'1.推送新镜像\n2.K8s滚动更新\n3.检查Pod镜像','CI使用了latest标签且K8s imagePullPolicy为IfNotPresent拉取到缓存旧镜像',4,'FIXED','镜像仓库推送带latest标签导致版本回退','2026-06-14 08:46:01.355099',3,NULL,NULL,1,1,2,1,NULL),(158,'事务超时回滚','DefectService',3,NULL,'2026-06-14 08:46:00.768272','默认事务超时30s导致批量更新1000条时事务超时回滚','生产环境','批量操作正常完成','@Transactional(timeout=120); 数据分批每批100条commit一次',60,'大事务分批提交每批100条+增加事务超时时间到120s',2,'批量修改500条缺陷耗时35s被回滚报TransactionTimedOutException','P1','所有批量操作',3,'1.选中500条缺陷\n2.批量修改\n3.观察结果','Spring事务默认超时30s批量操作超时回滚但未做分批处理',3,'VERIFIED','事务超时配置过短导致大事务回滚','2026-06-14 08:46:01.356085',3,'大事务分批处理有效','批量1000条操作正常完成无超时',1,1,3,1,NULL),(159,'启动报类加载错误','CI配置',5,NULL,'2026-06-14 08:46:00.789942','CI构建完成后未校验产物完整性导致部署损坏的Jar包','CI/CD','部署正常启动','mvn package后执行sha256sum app.jar与cache比对',30,'构建后校验jar包sha256值与预期值比对不一致则重新构建',2,'CI网络波动导致下载依赖不完整部署后启动报Invalid byte tag in constant pool','P0','构建流水线',4,'1.CI构建\n2.下载产物\n3.部署','CI流水线无构建产物校验步骤下载不完整仍视为成功',5,'VERIFIED','构建产物未做完整性校验','2026-06-14 08:46:01.356085',5,'完整性校验有效防止部署损坏产物','修改jar包后CI检测到hash不匹配重新构建',1,1,3,1,NULL),(160,'前端报undefined错误','所有Controller',3,NULL,'2026-06-14 08:46:00.807494','后端API变更字段名后旧版前端未同步更新报undefined错误','生产环境','API向后兼容或版本隔离','添加@RequestMapping(\"/api/v1\")保留旧字段3个月后移除',60,'API路径添加/v1前缀字段变更保留旧字段增加新字段标记@Deprecated',3,'后端将userName改为displayName前端读取undefined页面报错','P1','所有API',3,'1.部署新后端\n2.用旧前端访问\n3.查看错误','API未做版本控制字段直接重命名破坏向后兼容',4,'VERIFIED','API版本未做兼容导致旧版前端报错','2026-06-14 08:46:01.356085',4,'API版本兼容性已建立','旧前端请求/api/v1仍正常响应',1,1,3,1,NULL),(161,'明文输出','Logback配置, 脱敏工具类',5,NULL,'2026-06-14 08:46:00.828152','应用日志中用户手机号和身份证号明文输出违反隐私合规','生产环境','敏感信息脱敏如phone=138****5678','实现SensitiveDataConverter自动匹配替换\\d{3}\\d{4}\\d{4}等模式',60,'自定义Logback MessageConverter对手机号/身份证/邮箱做正则脱敏',5,'日志中发现phone=13812345678和idCard=310xxx明文','P0','所有日志输出',4,'1.搜索日志文件\n2.grep查找手机号正则','Logback pattern中未配置脱敏Converter',4,'VERIFIED','日志脱敏未覆盖手机号和身份证号','2026-06-14 08:46:01.356085',2,'日志脱敏合规达标','日志中敏感信息已脱敏输出',1,1,3,1,NULL),(162,'目录残留','DefectService, FileService',2,NULL,'2026-06-14 08:46:00.846261','删除缺陷记录后uploads目录中对应附件文件夹未被删除','生产环境','对应子目录被删除','在deleteDefect中添加: fileService.deleteDirectory(defectId)',30,'在deleteDefect方法中先获取所有附件路径递归删除目录再删除数据库',3,'删除3条缺陷后uploads下对应子目录仍存在占用磁盘空间','P2','所有删除操作',2,'1.创建缺陷并上传附件\n2.删除该缺陷\n3.检查uploads目录','DefectService.deleteDefect只删除了Defect记录级联删除未触发FileService清理',2,'VERIFIED','用户删除缺陷后附件目录未清理','2026-06-14 08:46:01.356085',2,'磁盘空间正确释放','删除缺陷后uploads对应目录被清理',1,3,3,1,NULL),(163,'源码完全暴露','vite.config.ts',5,NULL,'2026-06-14 08:46:00.865779','生产环境部署包含.js.map文件浏览器可查看完整源码','生产环境','生产环境无source map','vite.config.ts: build:{ sourcemap: process.env.NODE_ENV === \'production\' ? false : true }',10,'Vite配置build.sourcemap在production模式下设为false',5,'浏览器DevTools Sources面板可看到未混淆的完整TypeScript源码','P0','前端构建',4,'1.打开生产环境\n2.DevTools Sources\n3.查看代码','Vite build默认生成sourcemap未在生产构建中禁用',4,'VERIFIED','Webpack/Vite Source Map在生产环境暴露源码','2026-06-14 08:46:01.356085',2,'源码不泄露','生产环境Sources面板无源码',1,1,3,1,NULL),(164,'提交成功','所有Controller',4,'2026-06-14 08:46:00.909752','2026-06-14 08:46:00.885334','实体类添加@NotBlank等校验注解但Controller未加@Valid导致校验不生效','全环境','返回400校验错误','添加@Valid: public ResponseEntity<?> create(@Valid @RequestBody CreateRequest req)',30,'在所有Controller的@RequestBody参数前添加@Valid注解',5,'创建缺陷时未填写标题也能成功提交','P0','所有API参数校验',3,'1.创建缺陷标题留空\n2.提交','Controller方法参数缺少@Valid注解Spring不会触发校验',4,'CLOSED','Bean Validation校验注解未生效','2026-06-14 08:46:01.356085',3,'Bean Validation生效','未填标题返回400提示',1,1,3,1,NULL),(165,'应用启动但查询报错','application.properties',5,'2026-06-14 08:46:00.940558','2026-06-14 08:46:00.920982','数据库迁移脚本有错误但应用仍正常启动导致后续数据操作异常','生产环境','迁移失败应用启动失败','application.properties添加: spring.flyway.fail-on-migration-error=true',10,'设置spring.flyway.fail-on-migration-error=true阻止启动',3,'迁移脚本V2__add_col.sql语法错误应用启动成功但后续查询报Unknown column','P0','数据库迁移',4,'1.部署含错误迁移脚本版本\n2.启动\n3.查询操作','spring.flyway.fail-on-migration-scripts-error未配置默认为false',5,'CLOSED','应用启动时执行Flyway迁移失败未阻止启动','2026-06-14 08:46:01.356085',4,'迁移失败时安全停止启动','错误迁移脚本导致启动失败报明确错误',1,1,3,1,NULL),(166,'请求排队超时','application.properties',4,'2026-06-14 08:46:00.973747','2026-06-14 08:46:00.950608','默认200线程在生产流量下不足导致请求排队超时','生产环境','请求正常处理','application.properties: server.tomcat.threads.max=500; server.tomcat.max-connections=10000',15,'调整server.tomcat.threads.max=500并添加max-connections=10000',2,'高峰期并发500时大量请求处于Pending状态超时','P1','所有API',3,'1.高峰期观察/actuator/metrics\n2.查看http.server.requests','server.tomcat.threads.max默认200未根据实际流量调优',4,'CLOSED','Spring Boot内嵌Tomcat最大线程数不足','2026-06-14 08:46:01.356085',4,'线程池配置满足业务需求','500并发下请求正常处理无排队超时',1,1,3,1,NULL),(167,'显示旧数据','Hibernate配置, DefectService',4,'2026-06-14 08:46:01.009485','2026-06-14 08:46:00.984178','启用二级缓存后查询返回旧数据未感知数据库变更','生产环境','显示最新数据','移除@Cacheable注解改用Spring Cache在更新时显式@CacheEvict',60,'关闭实体级二级缓存改用Query Cache或只在读多写少场景启用',5,'管理员修改缺陷优先级后列表仍显示旧优先级','P0','所有查询',3,'1.启用Hibernate二级缓存\n2.修改缺陷优先级\n3.查询列表','Hibernate二级缓存未配置失效策略更新操作后缓存未清除',4,'CLOSED','Hibernate二级缓存配置导致脏读','2026-06-14 08:46:01.356085',3,'缓存一致性保证','修改后列表立即显示最新数据',1,1,3,1,NULL),(168,'显示旧组织数据','JwtUtil, 数据查询拦截器',4,'2026-06-14 08:46:01.043957','2026-06-14 08:46:01.018423','用户从A组织切换到B组织后仍看到A组织的数据','多租户环境','显示新组织数据','添加X-Current-Org-Id请求头后端据此过滤数据',60,'组织切换后刷新Token或由前端传当前orgId作为请求头',5,'多租户切换组织后列表仍显示原组织缺陷','P0','多租户数据隔离',3,'1.用户切换组织\n2.查看缺陷列表','组织切换后JWT Token未更新仍携带旧orgId',4,'CLOSED','用户切换组织后权限未更新','2026-06-14 08:46:01.356085',3,'租户隔离正确','切换组织后数据正确隔离',1,2,3,1,NULL),(169,'一个chunk','router.tsx, routeTree配置',2,'2026-06-14 08:46:01.080252','2026-06-14 08:46:01.051663','所有路由组件打包到同一个chunk懒加载未生效','Vite 8','路由组件按需加载分多个chunk','修改routeTree配置: component: () => import(\'./routes/defects.$id\')',30,'使用route.lazy(()=>import(\'./Component\'))异步加载路由组件',3,'npm run build后只有一个index-xxx.js 2MB+','P2','构建产物',2,'1.npm run build\n2.分析dist产物','TanStack Router的lazy loaded route配置错误组件被同步import',2,'CLOSED','前端路由懒加载配置错误导致打包未分割','2026-06-14 08:46:01.356085',3,'Code splitting生效','dist生成多个独立chunk主bundle<500KB',1,2,3,1,NULL),(170,'OOMKilled重启','K8s Deployment',5,'2026-06-14 08:46:01.107572','2026-06-14 08:46:01.086801','未设置memory limit导致Pod内存超限被K8s OOM Kill','K8s生产集群','Pod稳定运行','resources: limits: memory: 512Mi; requests: memory: 256Mi',15,'设置memory limit为512Mi request为256Mi',3,'Pod频繁重启describe显示OOMKilled','P0','Pod稳定性',4,'1.kubectl describe pod\n2.查看Last State','Deployment未设置resources.limits.memory',5,'CLOSED','K8s资源限制未配置导致Pod OOMKilled','2026-06-14 08:46:01.356085',4,'OOMKilled不再发生','Pod内存使用被限制在512Mi内',1,1,3,1,NULL),(171,'流转失败500','DefectService, AITriggerService',5,'2026-06-14 08:46:01.138320','2026-06-14 08:46:01.114985','DeepSeek API不可用时缺陷流转功能也无法使用','生产环境','降级模式流转成功AI功能提示不可用','在aiTrigger调用外包裹try-catch捕获异常后记录WARN日志不向上抛',30,'AI调用外层try-catch失败时记录日志但不阻塞流转返回提示\'AI建议稍后生成\'',2,'DeepSeek服务故障时流转接口报500','P0','所有依赖外部服务流程',5,'1.停止DeepSeek服务\n2.尝试流转缺陷','DefectService流转方法无外部服务降级逻辑AI调用失败即抛异常',5,'CLOSED','应用无优雅降级机制强依赖所有外部服务','2026-06-14 08:46:01.356085',5,'优雅降级生效','DeepSeek不可用时流转仍正常完成提示AI稍后可用',1,1,3,1,NULL),(172,'默认用户可登录','SecurityConfig',5,'2026-06-14 08:46:01.170787','2026-06-14 08:46:01.146239','application.properties未修改Spring Security默认用户密码','生产环境','默认用户被禁用','spring.security.user.name=DISABLED; @Bean InMemoryUserDetailsManager返回空',20,'禁用Spring Security默认UserDetailsService并移除自动生成的默认密码',5,'生产环境可user/控制台生成的密码登录actuator','P0','安全认证',5,'1.尝试user/随机密码登录\n2.成功进入','未配置spring.security.user.name覆盖默认值',5,'CLOSED','生产环境使用默认Spring Security用户密码','2026-06-14 08:46:01.356085',4,'默认凭据已禁用','默认用户无法登录',1,1,3,1,NULL),(173,'CPU 100%','搜索接口, 输入校验',5,'2026-06-14 08:46:01.199691','2026-06-14 08:46:01.176881','搜索输入特定正则模式导致CPU 100%触发ReDoS','生产环境','输入校验拒绝危险正则','搜索接口添加@Size(max=200)校验且不使用用户输入作为正则',20,'禁止用户输入正则表达式对输入长度限制为200字符',3,'搜索框输入(a+)+b等30字符后服务CPU飙升100%','P0','所有搜索接口',4,'1.搜索框输入(a+)+$等模式\n2.观察CPU','用户输入直接传给Pattern.compile未做安全校验',5,'CLOSED','用户输入未限制特殊字符导致正则ReDoS攻击','2026-06-14 08:46:01.356085',3,'ReDoS防护有效','ReDoS攻击无效服务CPU正常',1,1,3,1,NULL),(174,'数据库瞬间高负载','CacheConfig',4,'2026-06-14 08:46:01.233861','2026-06-14 08:46:01.206973','多个热点数据缓存设置了相同过期时间同时失效导致数据库压力骤增','生产环境','缓存失效时间随机分散','cacheManager配置: expireAfterWrite(Duration.ofMinutes(30+ThreadLocalRandom.current().nextInt(15)))',30,'缓存TTL添加5-15分钟随机偏移量避免集中过期',3,'缓存到期时间都设在整点整点瞬间数据库连接数飙升','P0','所有缓存配置',3,'1.设置10个热点缓存相同TTL\n2.等待到期\n3.观察数据库连接','所有缓存TTL设置为相同值同时过期',4,'CLOSED','缓存雪崩：大量缓存同时过期打到数据库','2026-06-14 08:46:01.356085',4,'缓存雪崩风险消除','缓存过期时间分散数据库压力平稳',1,1,3,1,NULL),(175,'暴露版本信息','application.properties, ErrorController',4,'2026-06-14 08:46:01.266824','2026-06-14 08:46:01.243851','Whitelabel Error Page暴露Spring Boot 3.4.0等版本信息','生产环境','自定义错误页不泄露技术栈','server.error.whitelabel.enabled=false; 创建自定义ErrorController返回统一错误JSON',20,'关闭Whitelabel Error Page配置自定义全局错误处理',5,'访问不存在路径返回Whitelabel Error Page含Spring Boot版本','P1','所有错误响应',4,'1.访问随机路径\n2.查看错误页面','未配置自定义错误页面Spring Boot默认Whitelabel Error Page',2,'CLOSED','错误页面泄露技术栈版本信息','2026-06-14 08:46:01.356085',2,'信息泄露风险消除','错误响应不泄露技术栈信息',1,1,3,1,NULL),(176,'alert弹出','前端XSS过滤',5,NULL,'2026-06-14 08:46:01.272984','DOMPurify过滤后可被SVG标签的onload事件绕过','全平台','SVG事件被过滤','DOMPurify.sanitize(input, {FORBID_TAGS:[\'svg\',\'math\'], FORBID_ATTR:[\'onload\',\'onerror\']})',NULL,'DOMPurify配置添加FORBID_TAGS:[svg]+FORBID_ATTR:[onload]',3,'<svg onload=alert(1)>通过DOMPurify过滤仍执行','P0',NULL,5,'1.输入<svg onload=alert(1)>\n2.提交\n3.查看效果','DOMPurify默认配置未移除SVG事件属性需显式配置',5,'REOPENED','验证时发现之前修复的XSS过滤可被绕过','2026-06-14 08:46:01.357085',4,NULL,NULL,1,1,2,1,NULL),(177,'注入成功返回异常数据','DefectRepository SQL转义工具',5,NULL,'2026-06-14 08:46:01.299224','之前修复的SQL注入在使用URL编码%27时可绕过转义','全平台','特殊字符被正确转义','input = URLDecoder.decode(input, UTF-8); input = escapeSql(input)',NULL,'先URL解码再对特殊字符转义确保双重编码无法绕过',3,'输入%27%20OR%201=1--被URL解码后绕过转义','P0',NULL,5,'1.输入URL编码的SQL注入payload\n2.观察响应','转义函数在URL解码之前执行导致解码后的特殊字符未转义',5,'REOPENED','修复后SQL注入防护在特定编码下可被绕过','2026-06-14 08:46:01.357085',4,NULL,NULL,1,1,2,1,NULL),(178,'sdasdas',NULL,NULL,NULL,'2026-06-14 08:58:18.214165','dadasd','dasdas','dasdas',NULL,NULL,NULL,NULL,'dasdas',NULL,NULL,NULL,'dsasdsa',NULL,NULL,'DRAFT','dfsdfds','2026-06-14 08:58:18.214165',NULL,NULL,NULL,0,NULL,NULL,2,NULL);
/*!40000 ALTER TABLE `defects` ENABLE KEYS */;
UNLOCK TABLES;

--
-- Table structure for table `knowledge_items`
--

DROP TABLE IF EXISTS `knowledge_items`;
/*!40101 SET @saved_cs_client     = @@character_set_client */;
/*!50503 SET character_set_client = utf8mb4 */;
CREATE TABLE `knowledge_items` (
  `id` bigint NOT NULL AUTO_INCREMENT,
  `content` text,
  `created_at` datetime(6) DEFAULT NULL,
  `published_at` datetime(6) DEFAULT NULL,
  `status` enum('AUTO_GENERATED','PUBLISHED','REVIEWED') NOT NULL,
  `title` varchar(255) NOT NULL,
  `type` enum('REGRESSION_TEST','RISK_RULE','TROUBLESHOOTING') NOT NULL,
  `defect_id` bigint DEFAULT NULL,
  PRIMARY KEY (`id`),
  KEY `FKtk9q7ynngtjg1e9f7mj9siwuo` (`defect_id`),
  CONSTRAINT `FKtk9q7ynngtjg1e9f7mj9siwuo` FOREIGN KEY (`defect_id`) REFERENCES `defects` (`id`)
) ENGINE=InnoDB AUTO_INCREMENT=91 DEFAULT CHARSET=utf8mb4 COLLATE=utf8mb4_0900_ai_ci;
/*!40101 SET character_set_client = @saved_cs_client */;

--
-- Dumping data for table `knowledge_items`
--

LOCK TABLES `knowledge_items` WRITE;
/*!40000 ALTER TABLE `knowledge_items` DISABLE KEYS */;
INSERT INTO `knowledge_items` VALUES (1,'每次迭代发布前，验证「文件上传扩展名校验缺失」相关场景，确认修复未引入回归问题。','2026-06-14 08:45:59.504454','2026-06-14 08:45:59.503900','PUBLISHED','[回归用例] 文件上传扩展名校验缺失','REGRESSION_TEST',83),(2,'当线上出现类似「文件上传扩展名校验缺失」的问题时，优先检查相关模块的配置和日志，参考修复方案：添加ALLOWED_TYPES Set，在upload方法中校验ContentType','2026-06-14 08:45:59.507862','2026-06-14 08:45:59.507862','PUBLISHED','[排查手册] 文件上传扩展名校验缺失','TROUBLESHOOTING',83),(3,'新增或修改「FileService」模块代码时，需确保相关校验和防护逻辑已就位，避免同类缺陷再次引入。','2026-06-14 08:45:59.509618','2026-06-14 08:45:59.509618','PUBLISHED','[风险规则] 文件上传扩展名校验缺失','RISK_RULE',83),(4,'每次迭代发布前，验证「订单支付超时未回滚导致资金风险」相关场景，确认修复未引入回归问题。','2026-06-14 08:45:59.536734','2026-06-14 08:45:59.536160','PUBLISHED','[回归用例] 订单支付超时未回滚','REGRESSION_TEST',84),(5,'当线上出现类似「订单支付超时未回滚导致资金风险」的问题时，优先检查相关模块的配置和日志，参考修复方案：添加@Transactional+补偿Saga模式：超时后异步调用refund，订单状态恢复为CANCELLED','2026-06-14 08:45:59.538934','2026-06-14 08:45:59.538934','PUBLISHED','[排查手册] 订单支付超时未回滚','TROUBLESHOOTING',84),(6,'新增或修改「PaymentService, OrderService」模块代码时，需确保相关校验和防护逻辑已就位，避免同类缺陷再次引入。','2026-06-14 08:45:59.541685','2026-06-14 08:45:59.541685','PUBLISHED','[风险规则] 订单支付超时未回滚','RISK_RULE',84),(7,'每次迭代发布前，验证「API响应时间超过3秒(N+1查询问题)」相关场景，确认修复未引入回归问题。','2026-06-14 08:45:59.569085','2026-06-14 08:45:59.569085','PUBLISHED','[回归用例] API响应时间优化','REGRESSION_TEST',85),(8,'当线上出现类似「API响应时间超过3秒(N+1查询问题)」的问题时，优先检查相关模块的配置和日志，参考修复方案：在DefectRepository.findAll方法添加@EntityGraph(attributePaths={\'reporter\',\'assignee\',\'verifier\'})','2026-06-14 08:45:59.571779','2026-06-14 08:45:59.571779','PUBLISHED','[排查手册] API响应时间优化','TROUBLESHOOTING',85),(9,'新增或修改「DefectRepository, DefectService」模块代码时，需确保相关校验和防护逻辑已就位，避免同类缺陷再次引入。','2026-06-14 08:45:59.573967','2026-06-14 08:45:59.573967','PUBLISHED','[风险规则] API响应时间优化','RISK_RULE',85),(10,'每次迭代发布前，验证「搜索功能对中文分词支持异常」相关场景，确认修复未引入回归问题。','2026-06-14 08:45:59.603755','2026-06-14 08:45:59.603755','PUBLISHED','[回归用例] 中文搜索优化','REGRESSION_TEST',86),(11,'当线上出现类似「搜索功能对中文分词支持异常」的问题时，优先检查相关模块的配置和日志，参考修复方案：添加FULLTEXT INDEX idx_ft_title_desc ON defects(title, description); 查询改用MATCH...AGAINST IN BOOLEAN MODE','2026-06-14 08:45:59.606530','2026-06-14 08:45:59.606530','PUBLISHED','[排查手册] 中文搜索优化','TROUBLESHOOTING',86),(12,'新增或修改「数据库索引, DefectRepository」模块代码时，需确保相关校验和防护逻辑已就位，避免同类缺陷再次引入。','2026-06-14 08:45:59.609299','2026-06-14 08:45:59.608761','PUBLISHED','[风险规则] 中文搜索优化','RISK_RULE',86),(13,'每次迭代发布前，验证「列表分页跳转异常」相关场景，确认修复未引入回归问题。','2026-06-14 08:45:59.638520','2026-06-14 08:45:59.637980','PUBLISHED','[回归用例] 列表分页跳转修复','REGRESSION_TEST',87),(14,'当线上出现类似「列表分页跳转异常」的问题时，优先检查相关模块的配置和日志，参考修复方案：修改router.tsx中search params的parse逻辑: page: z.number().default(1).catch(1)','2026-06-14 08:45:59.640740','2026-06-14 08:45:59.640740','PUBLISHED','[排查手册] 列表分页跳转修复','TROUBLESHOOTING',87),(15,'新增或修改「前端路由模块」模块代码时，需确保相关校验和防护逻辑已就位，避免同类缺陷再次引入。','2026-06-14 08:45:59.642941','2026-06-14 08:45:59.642941','PUBLISHED','[风险规则] 列表分页跳转修复','RISK_RULE',87),(16,'每次迭代发布前，验证「Excel导出内存溢出」相关场景，确认修复未引入回归问题。','2026-06-14 08:45:59.668405','2026-06-14 08:45:59.668405','PUBLISHED','[回归用例] Excel导出OOM优化','REGRESSION_TEST',88),(17,'当线上出现类似「Excel导出内存溢出」的问题时，优先检查相关模块的配置和日志，参考修复方案：使用Apache POI SXSSFWorkbook替代XSSFWorkbook，结合JPA Stream查询分批处理','2026-06-14 08:45:59.671698','2026-06-14 08:45:59.671145','PUBLISHED','[排查手册] Excel导出OOM优化','TROUBLESHOOTING',88),(18,'新增或修改「ExportService, DefectRepository」模块代码时，需确保相关校验和防护逻辑已就位，避免同类缺陷再次引入。','2026-06-14 08:45:59.674477','2026-06-14 08:45:59.674477','PUBLISHED','[风险规则] Excel导出OOM优化','RISK_RULE',88),(19,'每次迭代发布前，验证「通知消息延迟严重（超过30分钟）」相关场景，确认修复未引入回归问题。','2026-06-14 08:45:59.704241','2026-06-14 08:45:59.703627','PUBLISHED','[回归用例] 通知消息延迟优化','REGRESSION_TEST',89),(20,'当线上出现类似「通知消息延迟严重（超过30分钟）」的问题时，优先检查相关模块的配置和日志，参考修复方案：消费者线程池从core=2/max=4调整为core=8/max=16；添加队列深度>1000的Grafana告警','2026-06-14 08:45:59.706552','2026-06-14 08:45:59.706552','PUBLISHED','[排查手册] 通知消息延迟优化','TROUBLESHOOTING',89),(21,'新增或修改「NotificationConsumer, 线程池配置」模块代码时，需确保相关校验和防护逻辑已就位，避免同类缺陷再次引入。','2026-06-14 08:45:59.709357','2026-06-14 08:45:59.709357','PUBLISHED','[风险规则] 通知消息延迟优化','RISK_RULE',89),(22,'每次迭代发布前，验证「用户会话在多个Tab间不同步」相关场景，确认修复未引入回归问题。','2026-06-14 08:45:59.738135','2026-06-14 08:45:59.738135','PUBLISHED','[回归用例] 多Tab会话同步','REGRESSION_TEST',90),(23,'当线上出现类似「用户会话在多个Tab间不同步」的问题时，优先检查相关模块的配置和日志，参考修复方案：在AuthContext中添加window.addEventListener(\'storage\', handler)，检测token变化并同步状态','2026-06-14 08:45:59.741302','2026-06-14 08:45:59.741302','PUBLISHED','[排查手册] 多Tab会话同步','TROUBLESHOOTING',90),(24,'新增或修改「AuthContext.tsx」模块代码时，需确保相关校验和防护逻辑已就位，避免同类缺陷再次引入。','2026-06-14 08:45:59.744080','2026-06-14 08:45:59.744080','PUBLISHED','[风险规则] 多Tab会话同步','RISK_RULE',90),(25,'每次迭代发布前，验证「用户注册时邮箱验证码发送频率未限制」相关场景，确认修复未引入回归问题。','2026-06-14 08:45:59.770783','2026-06-14 08:45:59.770250','PUBLISHED','[回归用例] 验证码发送频率限制','REGRESSION_TEST',91),(26,'当线上出现类似「用户注册时邮箱验证码发送频率未限制」的问题时，优先检查相关模块的配置和日志，参考修复方案：在AuthService.sendVerificationCode中添加redisTemplate.opsForValue().setIfAbsent(\'vc:\'+email, \'1\', 60, SECONDS)','2026-06-14 08:45:59.772993','2026-06-14 08:45:59.772993','PUBLISHED','[排查手册] 验证码发送频率限制','TROUBLESHOOTING',91),(27,'新增或修改「AuthService, Redis配置」模块代码时，需确保相关校验和防护逻辑已就位，避免同类缺陷再次引入。','2026-06-14 08:45:59.775719','2026-06-14 08:45:59.775185','PUBLISHED','[风险规则] 验证码发送频率限制','RISK_RULE',91),(28,'每次迭代发布前，验证「缺陷详情页面的\'修改记录\'和\'流转历史\'重复」相关场景，确认修复未引入回归问题。','2026-06-14 08:45:59.803051','2026-06-14 08:45:59.802485','PUBLISHED','[回归用例] 修改记录与流转历史合并','REGRESSION_TEST',92),(29,'当线上出现类似「缺陷详情页面的\'修改记录\'和\'流转历史\'重复」的问题时，优先检查相关模块的配置和日志，参考修复方案：修改记录Tab暂时合并到流转历史，统一显示时间线，每条记录标注类型(状态变更/字段编辑)','2026-06-14 08:45:59.805324','2026-06-14 08:45:59.805324','PUBLISHED','[排查手册] 修改记录与流转历史合并','TROUBLESHOOTING',92),(30,'新增或修改「前端 DefectDetailSheet」模块代码时，需确保相关校验和防护逻辑已就位，避免同类缺陷再次引入。','2026-06-14 08:45:59.808225','2026-06-14 08:45:59.808225','PUBLISHED','[风险规则] 修改记录与流转历史合并','RISK_RULE',92),(31,'每次迭代发布前，验证「第三方OAuth登录回调地址配置错误」相关场景，确认修复未引入回归问题。','2026-06-14 08:45:59.840231','2026-06-14 08:45:59.840231','PUBLISHED','[回归用例] OAuth回调地址修复','REGRESSION_TEST',93),(32,'当线上出现类似「第三方OAuth登录回调地址配置错误」的问题时，优先检查相关模块的配置和日志，参考修复方案：添加GET /api/auth/oauth-redirect-url接口，根据request.getHeader(\'Host\')动态返回回调地址','2026-06-14 08:45:59.843330','2026-06-14 08:45:59.843330','PUBLISHED','[排查手册] OAuth回调地址修复','TROUBLESHOOTING',93),(33,'新增或修改「AuthController, 前端OAuth配置」模块代码时，需确保相关校验和防护逻辑已就位，避免同类缺陷再次引入。','2026-06-14 08:45:59.845552','2026-06-14 08:45:59.845552','PUBLISHED','[风险规则] OAuth回调地址修复','RISK_RULE',93),(34,'每次迭代发布前，验证「批量操作缺少进度提示」相关场景，确认修复未引入回归问题。','2026-06-14 08:45:59.872476','2026-06-14 08:45:59.872476','PUBLISHED','[回归用例] 批量操作进度提示','REGRESSION_TEST',94),(35,'当线上出现类似「批量操作缺少进度提示」的问题时，优先检查相关模块的配置和日志，参考修复方案：批量操作按钮添加loading+进度百分比；后端使用@Async处理批量任务，前端每2秒轮询进度','2026-06-14 08:45:59.875478','2026-06-14 08:45:59.875478','PUBLISHED','[排查手册] 批量操作进度提示','TROUBLESHOOTING',94),(36,'新增或修改「前端批量操作组件, 后端BatchService」模块代码时，需确保相关校验和防护逻辑已就位，避免同类缺陷再次引入。','2026-06-14 08:45:59.879105','2026-06-14 08:45:59.879105','PUBLISHED','[风险规则] 批量操作进度提示','RISK_RULE',94),(37,'每次迭代发布前，验证「Spring Boot优雅关闭未配置导致请求中断」相关场景，确认修复未引入回归问题。','2026-06-14 08:45:59.903765','2026-06-14 08:45:59.903765','PUBLISHED','[回归用例] 优雅关闭配置','REGRESSION_TEST',95),(38,'当线上出现类似「Spring Boot优雅关闭未配置导致请求中断」的问题时，优先检查相关模块的配置和日志，参考修复方案：application.properties: server.shutdown=graceful; spring.lifecycle.timeout-per-shutdown-phase=30s; K8s: terminationGracePeriodSeconds=45','2026-06-14 08:45:59.906540','2026-06-14 08:45:59.906540','PUBLISHED','[排查手册] 优雅关闭配置','TROUBLESHOOTING',95),(39,'新增或修改「application.properties, K8s Deployment」模块代码时，需确保相关校验和防护逻辑已就位，避免同类缺陷再次引入。','2026-06-14 08:45:59.908803','2026-06-14 08:45:59.908803','PUBLISHED','[风险规则] 优雅关闭配置','RISK_RULE',95),(40,'每次迭代发布前，验证「空状态页面引导不友好」相关场景，确认修复未引入回归问题。','2026-06-14 08:45:59.937950','2026-06-14 08:45:59.937950','PUBLISHED','[回归用例] 空状态引导优化','REGRESSION_TEST',96),(41,'当线上出现类似「空状态页面引导不友好」的问题时，优先检查相关模块的配置和日志，参考修复方案：创建EmptyState组件，根据不同页面显示不同的插图和引导文案，如知识库空状态显示\'缺陷关闭后将自动生成知识条目\'','2026-06-14 08:45:59.941015','2026-06-14 08:45:59.941015','PUBLISHED','[排查手册] 空状态引导优化','TROUBLESHOOTING',96),(42,'新增或修改「前端 EmptyState组件, 知识库页面」模块代码时，需确保相关校验和防护逻辑已就位，避免同类缺陷再次引入。','2026-06-14 08:45:59.943250','2026-06-14 08:45:59.943250','PUBLISHED','[风险规则] 空状态引导优化','RISK_RULE',96),(43,'每次迭代发布前，验证「页面滚动位置在路由切换后未恢复」相关场景，确认修复未引入回归问题。','2026-06-14 08:45:59.972843','2026-06-14 08:45:59.972843','PUBLISHED','[回归用例] 列表滚动位置恢复','REGRESSION_TEST',97),(44,'当线上出现类似「页面滚动位置在路由切换后未恢复」的问题时，优先检查相关模块的配置和日志，参考修复方案：DefectList组件使用useRef保存scrollTop，Sheet关闭后在useEffect中恢复','2026-06-14 08:45:59.975042','2026-06-14 08:45:59.975042','PUBLISHED','[排查手册] 列表滚动位置恢复','TROUBLESHOOTING',97),(45,'新增或修改「前端 DefectList, Sheet组件」模块代码时，需确保相关校验和防护逻辑已就位，避免同类缺陷再次引入。','2026-06-14 08:45:59.977460','2026-06-14 08:45:59.977460','PUBLISHED','[风险规则] 列表滚动位置恢复','RISK_RULE',97),(46,'每次迭代发布前，验证「用户账号注销后数据未做匿名化处理」相关场景，确认修复未引入回归问题。','2026-06-14 08:46:00.003760','2026-06-14 08:46:00.003760','PUBLISHED','[回归用例] 用户注销数据匿名化','REGRESSION_TEST',98),(47,'当线上出现类似「用户账号注销后数据未做匿名化处理」的问题时，优先检查相关模块的配置和日志，参考修复方案：User添加deleted字段，注销时软删除并匿名化displayName；Defect的reporter显示为\'已注销用户\'','2026-06-14 08:46:00.005444','2026-06-14 08:46:00.005444','PUBLISHED','[排查手册] 用户注销数据匿名化','TROUBLESHOOTING',98),(48,'新增或修改「User实体, AuthService, UserService」模块代码时，需确保相关校验和防护逻辑已就位，避免同类缺陷再次引入。','2026-06-14 08:46:00.007649','2026-06-14 08:46:00.007649','PUBLISHED','[风险规则] 用户注销数据匿名化','RISK_RULE',98),(49,'每次迭代发布前，验证「表格排序后序号列乱序」相关场景，确认修复未引入回归问题。','2026-06-14 08:46:00.055675','2026-06-14 08:46:00.055675','PUBLISHED','[回归用例] 表格序号列排序修复','REGRESSION_TEST',99),(50,'当线上出现类似「表格排序后序号列乱序」的问题时，优先检查相关模块的配置和日志，参考修复方案：改为 {row.index + 1} 或带分页的 {pageIndex * pageSize + row.index + 1}','2026-06-14 08:46:00.058774','2026-06-14 08:46:00.058774','PUBLISHED','[排查手册] 表格序号列排序修复','TROUBLESHOOTING',99),(51,'新增或修改「前端 DefectListTable」模块代码时，需确保相关校验和防护逻辑已就位，避免同类缺陷再次引入。','2026-06-14 08:46:00.062009','2026-06-14 08:46:00.062009','PUBLISHED','[风险规则] 表格序号列排序修复','RISK_RULE',99),(52,'每次迭代发布前，验证「创建缺陷时模态框ESC键关闭后表单数据丢失」相关场景，确认修复未引入回归问题。','2026-06-14 08:46:00.089023','2026-06-14 08:46:00.088460','PUBLISHED','[回归用例] 表单未保存内容保护','REGRESSION_TEST',100),(53,'当线上出现类似「创建缺陷时模态框ESC键关闭后表单数据丢失」的问题时，优先检查相关模块的配置和日志，参考修复方案：添加handleClose检测：if(formState.isDirty) { setShowConfirm(true) } else { close() }','2026-06-14 08:46:00.091408','2026-06-14 08:46:00.091408','PUBLISHED','[排查手册] 表单未保存内容保护','TROUBLESHOOTING',100),(54,'新增或修改「前端 CreateDefectDialog」模块代码时，需确保相关校验和防护逻辑已就位，避免同类缺陷再次引入。','2026-06-14 08:46:00.094198','2026-06-14 08:46:00.094198','PUBLISHED','[风险规则] 表单未保存内容保护','RISK_RULE',100),(55,'每次迭代发布前，验证「Bean Validation校验注解未生效」相关场景，确认修复未引入回归问题。','2026-06-14 08:46:00.910280','2026-06-14 08:46:00.909752','PUBLISHED','[回归用例] Bean Validation校验','REGRESSION_TEST',164),(56,'当线上出现类似「Bean Validation校验注解未生效」的问题时，优先检查相关模块的配置和日志，参考修复方案：添加@Valid: public ResponseEntity<?> create(@Valid @RequestBody CreateRequest req)','2026-06-14 08:46:00.911920','2026-06-14 08:46:00.911920','PUBLISHED','[排查手册] Bean Validation校验','TROUBLESHOOTING',164),(57,'新增或修改「所有Controller」模块代码时，需确保相关校验和防护逻辑已就位，避免同类缺陷再次引入。','2026-06-14 08:46:00.914738','2026-06-14 08:46:00.914178','PUBLISHED','[风险规则] Bean Validation校验','RISK_RULE',164),(58,'每次迭代发布前，验证「应用启动时执行Flyway迁移失败未阻止启动」相关场景，确认修复未引入回归问题。','2026-06-14 08:46:00.940558','2026-06-14 08:46:00.940558','PUBLISHED','[回归用例] 数据库迁移安全策略','REGRESSION_TEST',165),(59,'当线上出现类似「应用启动时执行Flyway迁移失败未阻止启动」的问题时，优先检查相关模块的配置和日志，参考修复方案：application.properties添加: spring.flyway.fail-on-migration-error=true','2026-06-14 08:46:00.945012','2026-06-14 08:46:00.944502','PUBLISHED','[排查手册] 数据库迁移安全策略','TROUBLESHOOTING',165),(60,'新增或修改「application.properties」模块代码时，需确保相关校验和防护逻辑已就位，避免同类缺陷再次引入。','2026-06-14 08:46:00.947754','2026-06-14 08:46:00.947754','PUBLISHED','[风险规则] 数据库迁移安全策略','RISK_RULE',165),(61,'每次迭代发布前，验证「Spring Boot内嵌Tomcat最大线程数不足」相关场景，确认修复未引入回归问题。','2026-06-14 08:46:00.974459','2026-06-14 08:46:00.973747','PUBLISHED','[回归用例] Tomcat线程池调优','REGRESSION_TEST',166),(62,'当线上出现类似「Spring Boot内嵌Tomcat最大线程数不足」的问题时，优先检查相关模块的配置和日志，参考修复方案：application.properties: server.tomcat.threads.max=500; server.tomcat.max-connections=10000','2026-06-14 08:46:00.978314','2026-06-14 08:46:00.978314','PUBLISHED','[排查手册] Tomcat线程池调优','TROUBLESHOOTING',166),(63,'新增或修改「application.properties」模块代码时，需确保相关校验和防护逻辑已就位，避免同类缺陷再次引入。','2026-06-14 08:46:00.981959','2026-06-14 08:46:00.981959','PUBLISHED','[风险规则] Tomcat线程池调优','RISK_RULE',166),(64,'每次迭代发布前，验证「Hibernate二级缓存配置导致脏读」相关场景，确认修复未引入回归问题。','2026-06-14 08:46:01.010041','2026-06-14 08:46:01.009485','PUBLISHED','[回归用例] 二级缓存脏读修复','REGRESSION_TEST',167),(65,'当线上出现类似「Hibernate二级缓存配置导致脏读」的问题时，优先检查相关模块的配置和日志，参考修复方案：移除@Cacheable注解改用Spring Cache在更新时显式@CacheEvict','2026-06-14 08:46:01.012762','2026-06-14 08:46:01.012762','PUBLISHED','[排查手册] 二级缓存脏读修复','TROUBLESHOOTING',167),(66,'新增或修改「Hibernate配置, DefectService」模块代码时，需确保相关校验和防护逻辑已就位，避免同类缺陷再次引入。','2026-06-14 08:46:01.015535','2026-06-14 08:46:01.015535','PUBLISHED','[风险规则] 二级缓存脏读修复','RISK_RULE',167),(67,'每次迭代发布前，验证「用户切换组织后权限未更新」相关场景，确认修复未引入回归问题。','2026-06-14 08:46:01.043957','2026-06-14 08:46:01.043957','PUBLISHED','[回归用例] 多租户数据隔离','REGRESSION_TEST',168),(68,'当线上出现类似「用户切换组织后权限未更新」的问题时，优先检查相关模块的配置和日志，参考修复方案：添加X-Current-Org-Id请求头后端据此过滤数据','2026-06-14 08:46:01.046654','2026-06-14 08:46:01.046654','PUBLISHED','[排查手册] 多租户数据隔离','TROUBLESHOOTING',168),(69,'新增或修改「JwtUtil, 数据查询拦截器」模块代码时，需确保相关校验和防护逻辑已就位，避免同类缺陷再次引入。','2026-06-14 08:46:01.048857','2026-06-14 08:46:01.048857','PUBLISHED','[风险规则] 多租户数据隔离','RISK_RULE',168),(70,'每次迭代发布前，验证「前端路由懒加载配置错误导致打包未分割」相关场景，确认修复未引入回归问题。','2026-06-14 08:46:01.080862','2026-06-14 08:46:01.080862','PUBLISHED','[回归用例] 路由懒加载优化','REGRESSION_TEST',169),(71,'当线上出现类似「前端路由懒加载配置错误导致打包未分割」的问题时，优先检查相关模块的配置和日志，参考修复方案：修改routeTree配置: component: () => import(\'./routes/defects.$id\')','2026-06-14 08:46:01.082380','2026-06-14 08:46:01.082380','PUBLISHED','[排查手册] 路由懒加载优化','TROUBLESHOOTING',169),(72,'新增或修改「router.tsx, routeTree配置」模块代码时，需确保相关校验和防护逻辑已就位，避免同类缺陷再次引入。','2026-06-14 08:46:01.084574','2026-06-14 08:46:01.083995','PUBLISHED','[风险规则] 路由懒加载优化','RISK_RULE',169),(73,'每次迭代发布前，验证「K8s资源限制未配置导致Pod OOMKilled」相关场景，确认修复未引入回归问题。','2026-06-14 08:46:01.107572','2026-06-14 08:46:01.107572','PUBLISHED','[回归用例] K8s资源配置最佳实践','REGRESSION_TEST',170),(74,'当线上出现类似「K8s资源限制未配置导致Pod OOMKilled」的问题时，优先检查相关模块的配置和日志，参考修复方案：resources: limits: memory: 512Mi; requests: memory: 256Mi','2026-06-14 08:46:01.110452','2026-06-14 08:46:01.110452','PUBLISHED','[排查手册] K8s资源配置最佳实践','TROUBLESHOOTING',170),(75,'新增或修改「K8s Deployment」模块代码时，需确保相关校验和防护逻辑已就位，避免同类缺陷再次引入。','2026-06-14 08:46:01.113310','2026-06-14 08:46:01.113310','PUBLISHED','[风险规则] K8s资源配置最佳实践','RISK_RULE',170),(76,'每次迭代发布前，验证「应用无优雅降级机制强依赖所有外部服务」相关场景，确认修复未引入回归问题。','2026-06-14 08:46:01.138320','2026-06-14 08:46:01.138320','PUBLISHED','[回归用例] 外部服务降级策略','REGRESSION_TEST',171),(77,'当线上出现类似「应用无优雅降级机制强依赖所有外部服务」的问题时，优先检查相关模块的配置和日志，参考修复方案：在aiTrigger调用外包裹try-catch捕获异常后记录WARN日志不向上抛','2026-06-14 08:46:01.141352','2026-06-14 08:46:01.141352','PUBLISHED','[排查手册] 外部服务降级策略','TROUBLESHOOTING',171),(78,'新增或修改「DefectService, AITriggerService」模块代码时，需确保相关校验和防护逻辑已就位，避免同类缺陷再次引入。','2026-06-14 08:46:01.142338','2026-06-14 08:46:01.142338','PUBLISHED','[风险规则] 外部服务降级策略','RISK_RULE',171),(79,'每次迭代发布前，验证「生产环境使用默认Spring Security用户密码」相关场景，确认修复未引入回归问题。','2026-06-14 08:46:01.170787','2026-06-14 08:46:01.170787','PUBLISHED','[回归用例] Spring Security默认凭据禁用','REGRESSION_TEST',172),(80,'当线上出现类似「生产环境使用默认Spring Security用户密码」的问题时，优先检查相关模块的配置和日志，参考修复方案：spring.security.user.name=DISABLED; @Bean InMemoryUserDetailsManager返回空','2026-06-14 08:46:01.172990','2026-06-14 08:46:01.172990','PUBLISHED','[排查手册] Spring Security默认凭据禁用','TROUBLESHOOTING',172),(81,'新增或修改「SecurityConfig」模块代码时，需确保相关校验和防护逻辑已就位，避免同类缺陷再次引入。','2026-06-14 08:46:01.175223','2026-06-14 08:46:01.174626','PUBLISHED','[风险规则] Spring Security默认凭据禁用','RISK_RULE',172),(82,'每次迭代发布前，验证「用户输入未限制特殊字符导致正则ReDoS攻击」相关场景，确认修复未引入回归问题。','2026-06-14 08:46:01.199691','2026-06-14 08:46:01.199691','PUBLISHED','[回归用例] ReDoS攻击防护','REGRESSION_TEST',173),(83,'当线上出现类似「用户输入未限制特殊字符导致正则ReDoS攻击」的问题时，优先检查相关模块的配置和日志，参考修复方案：搜索接口添加@Size(max=200)校验且不使用用户输入作为正则','2026-06-14 08:46:01.202529','2026-06-14 08:46:01.201902','PUBLISHED','[排查手册] ReDoS攻击防护','TROUBLESHOOTING',173),(84,'新增或修改「搜索接口, 输入校验」模块代码时，需确保相关校验和防护逻辑已就位，避免同类缺陷再次引入。','2026-06-14 08:46:01.204740','2026-06-14 08:46:01.204176','PUBLISHED','[风险规则] ReDoS攻击防护','RISK_RULE',173),(85,'每次迭代发布前，验证「缓存雪崩：大量缓存同时过期打到数据库」相关场景，确认修复未引入回归问题。','2026-06-14 08:46:01.233861','2026-06-14 08:46:01.233861','PUBLISHED','[回归用例] 缓存雪崩防护','REGRESSION_TEST',174),(86,'当线上出现类似「缓存雪崩：大量缓存同时过期打到数据库」的问题时，优先检查相关模块的配置和日志，参考修复方案：cacheManager配置: expireAfterWrite(Duration.ofMinutes(30+ThreadLocalRandom.current().nextInt(15)))','2026-06-14 08:46:01.238856','2026-06-14 08:46:01.238856','PUBLISHED','[排查手册] 缓存雪崩防护','TROUBLESHOOTING',174),(87,'新增或修改「CacheConfig」模块代码时，需确保相关校验和防护逻辑已就位，避免同类缺陷再次引入。','2026-06-14 08:46:01.240921','2026-06-14 08:46:01.240921','PUBLISHED','[风险规则] 缓存雪崩防护','RISK_RULE',174),(88,'每次迭代发布前，验证「错误页面泄露技术栈版本信息」相关场景，确认修复未引入回归问题。','2026-06-14 08:46:01.266824','2026-06-14 08:46:01.266824','PUBLISHED','[回归用例] 错误页面信息泄露修复','REGRESSION_TEST',175),(89,'当线上出现类似「错误页面泄露技术栈版本信息」的问题时，优先检查相关模块的配置和日志，参考修复方案：server.error.whitelabel.enabled=false; 创建自定义ErrorController返回统一错误JSON','2026-06-14 08:46:01.269055','2026-06-14 08:46:01.268491','PUBLISHED','[排查手册] 错误页面信息泄露修复','TROUBLESHOOTING',175),(90,'新增或修改「application.properties, ErrorController」模块代码时，需确保相关校验和防护逻辑已就位，避免同类缺陷再次引入。','2026-06-14 08:46:01.270710','2026-06-14 08:46:01.270710','PUBLISHED','[风险规则] 错误页面信息泄露修复','RISK_RULE',175);
/*!40000 ALTER TABLE `knowledge_items` ENABLE KEYS */;
UNLOCK TABLES;

--
-- Table structure for table `state_transitions`
--

DROP TABLE IF EXISTS `state_transitions`;
/*!40101 SET @saved_cs_client     = @@character_set_client */;
/*!50503 SET character_set_client = utf8mb4 */;
CREATE TABLE `state_transitions` (
  `id` bigint NOT NULL AUTO_INCREMENT,
  `created_at` datetime(6) DEFAULT NULL,
  `defect_id` bigint NOT NULL,
  `from_status` enum('ANALYZED','CLOSED','DRAFT','FIXED','IN_REPAIR','PLANNED','REOPENED','REPORTED','TRIAGING','VERIFIED') NOT NULL,
  `note` text,
  `to_status` enum('ANALYZED','CLOSED','DRAFT','FIXED','IN_REPAIR','PLANNED','REOPENED','REPORTED','TRIAGING','VERIFIED') NOT NULL,
  `operator_id` bigint DEFAULT NULL,
  PRIMARY KEY (`id`),
  KEY `FK7yite0mf7dhymgrb8t09jbtyo` (`operator_id`),
  CONSTRAINT `FK7yite0mf7dhymgrb8t09jbtyo` FOREIGN KEY (`operator_id`) REFERENCES `users` (`id`)
) ENGINE=InnoDB AUTO_INCREMENT=806 DEFAULT CHARSET=utf8mb4 COLLATE=utf8mb4_0900_ai_ci;
/*!40101 SET character_set_client = @saved_cs_client */;

--
-- Dumping data for table `state_transitions`
--

LOCK TABLES `state_transitions` WRITE;
/*!40000 ALTER TABLE `state_transitions` DISABLE KEYS */;
INSERT INTO `state_transitions` VALUES (1,'2026-06-14 08:45:58.192908',1,'DRAFT','创建草稿','DRAFT',1),(2,'2026-06-14 08:45:58.201636',2,'DRAFT','创建草稿','DRAFT',1),(3,'2026-06-14 08:45:58.210618',3,'DRAFT','创建草稿','DRAFT',1),(4,'2026-06-14 08:45:58.219286',4,'DRAFT','创建草稿','DRAFT',1),(5,'2026-06-14 08:45:58.225761',5,'DRAFT','创建草稿','DRAFT',1),(6,'2026-06-14 08:45:58.232808',6,'DRAFT','缺陷已正式提交，等待分诊','REPORTED',1),(7,'2026-06-14 08:45:58.240500',7,'DRAFT','缺陷已正式提交，等待分诊','REPORTED',1),(8,'2026-06-14 08:45:58.249082',8,'DRAFT','缺陷已正式提交，等待分诊','REPORTED',1),(9,'2026-06-14 08:45:58.258014',9,'DRAFT','缺陷已正式提交，等待分诊','REPORTED',1),(10,'2026-06-14 08:45:58.266314',10,'DRAFT','缺陷已正式提交，等待分诊','REPORTED',1),(11,'2026-06-14 08:45:58.274550',11,'DRAFT','缺陷已正式提交，等待分诊','REPORTED',1),(12,'2026-06-14 08:45:58.282493',12,'DRAFT','缺陷已正式提交，等待分诊','REPORTED',1),(13,'2026-06-14 08:45:58.289252',13,'DRAFT','缺陷已正式提交，等待分诊','REPORTED',1),(14,'2026-06-14 08:45:58.296340',14,'DRAFT','缺陷已正式提交，等待分诊','REPORTED',1),(15,'2026-06-14 08:45:58.305940',15,'DRAFT','缺陷已正式提交，等待分诊','REPORTED',1),(16,'2026-06-14 08:45:58.313262',16,'DRAFT','缺陷已正式提交，等待分诊','REPORTED',1),(17,'2026-06-14 08:45:58.321161',17,'DRAFT','缺陷已正式提交，等待分诊','REPORTED',1),(18,'2026-06-14 08:45:58.329005',18,'DRAFT','提交缺陷','REPORTED',1),(19,'2026-06-14 08:45:58.331683',18,'REPORTED','已分配工程师进行分诊','TRIAGING',2),(20,'2026-06-14 08:45:58.341115',19,'DRAFT','提交缺陷','REPORTED',1),(21,'2026-06-14 08:45:58.345345',19,'REPORTED','已分配工程师进行分诊','TRIAGING',2),(22,'2026-06-14 08:45:58.354897',20,'DRAFT','提交缺陷','REPORTED',1),(23,'2026-06-14 08:45:58.358316',20,'REPORTED','已分配工程师进行分诊','TRIAGING',2),(24,'2026-06-14 08:45:58.365467',21,'DRAFT','提交缺陷','REPORTED',1),(25,'2026-06-14 08:45:58.369430',21,'REPORTED','已分配工程师进行分诊','TRIAGING',2),(26,'2026-06-14 08:45:58.376486',22,'DRAFT','提交缺陷','REPORTED',1),(27,'2026-06-14 08:45:58.379761',22,'REPORTED','已分配工程师进行分诊','TRIAGING',2),(28,'2026-06-14 08:45:58.388398',23,'DRAFT','提交缺陷','REPORTED',1),(29,'2026-06-14 08:45:58.391594',23,'REPORTED','已分配工程师进行分诊','TRIAGING',2),(30,'2026-06-14 08:45:58.399480',24,'DRAFT','提交缺陷','REPORTED',1),(31,'2026-06-14 08:45:58.402894',24,'REPORTED','已分配工程师进行分诊','TRIAGING',2),(32,'2026-06-14 08:45:58.408928',25,'DRAFT','提交缺陷','REPORTED',1),(33,'2026-06-14 08:45:58.412889',25,'REPORTED','已分配工程师进行分诊','TRIAGING',2),(34,'2026-06-14 08:45:58.424320',26,'DRAFT','提交缺陷','REPORTED',1),(35,'2026-06-14 08:45:58.427019',26,'REPORTED','已分配工程师进行分诊','TRIAGING',2),(36,'2026-06-14 08:45:58.434223',27,'DRAFT','提交缺陷','REPORTED',1),(37,'2026-06-14 08:45:58.437821',27,'REPORTED','已分配工程师进行分诊','TRIAGING',2),(38,'2026-06-14 08:45:58.445114',28,'DRAFT','提交缺陷','REPORTED',1),(39,'2026-06-14 08:45:58.449171',28,'REPORTED','开始分诊','TRIAGING',2),(40,'2026-06-14 08:45:58.451949',28,'TRIAGING','根因分析完成','ANALYZED',2),(41,'2026-06-14 08:45:58.458824',29,'DRAFT','提交缺陷','REPORTED',1),(42,'2026-06-14 08:45:58.462435',29,'REPORTED','开始分诊','TRIAGING',2),(43,'2026-06-14 08:45:58.464778',29,'TRIAGING','根因分析完成','ANALYZED',2),(44,'2026-06-14 08:45:58.470412',30,'DRAFT','提交缺陷','REPORTED',1),(45,'2026-06-14 08:45:58.473102',30,'REPORTED','开始分诊','TRIAGING',2),(46,'2026-06-14 08:45:58.476578',30,'TRIAGING','根因分析完成','ANALYZED',2),(47,'2026-06-14 08:45:58.484992',31,'DRAFT','提交缺陷','REPORTED',1),(48,'2026-06-14 08:45:58.488277',31,'REPORTED','开始分诊','TRIAGING',2),(49,'2026-06-14 08:45:58.491289',31,'TRIAGING','根因分析完成','ANALYZED',2),(50,'2026-06-14 08:45:58.497336',32,'DRAFT','提交缺陷','REPORTED',1),(51,'2026-06-14 08:45:58.500132',32,'REPORTED','开始分诊','TRIAGING',2),(52,'2026-06-14 08:45:58.504131',32,'TRIAGING','根因分析完成','ANALYZED',2),(53,'2026-06-14 08:45:58.510940',33,'DRAFT','提交缺陷','REPORTED',1),(54,'2026-06-14 08:45:58.514219',33,'REPORTED','开始分诊','TRIAGING',2),(55,'2026-06-14 08:45:58.516613',33,'TRIAGING','根因分析完成','ANALYZED',2),(56,'2026-06-14 08:45:58.523212',34,'DRAFT','提交缺陷','REPORTED',1),(57,'2026-06-14 08:45:58.527209',34,'REPORTED','开始分诊','TRIAGING',2),(58,'2026-06-14 08:45:58.531265',34,'TRIAGING','根因分析完成','ANALYZED',2),(59,'2026-06-14 08:45:58.538001',35,'DRAFT','提交缺陷','REPORTED',1),(60,'2026-06-14 08:45:58.540737',35,'REPORTED','开始分诊','TRIAGING',2),(61,'2026-06-14 08:45:58.543477',35,'TRIAGING','根因分析完成','ANALYZED',2),(62,'2026-06-14 08:45:58.548960',36,'DRAFT','提交缺陷','REPORTED',1),(63,'2026-06-14 08:45:58.553021',36,'REPORTED','开始分诊','TRIAGING',2),(64,'2026-06-14 08:45:58.556807',36,'TRIAGING','根因分析完成','ANALYZED',2),(65,'2026-06-14 08:45:58.562815',37,'DRAFT','提交缺陷','REPORTED',1),(66,'2026-06-14 08:45:58.566659',37,'REPORTED','开始分诊','TRIAGING',2),(67,'2026-06-14 08:45:58.570053',37,'TRIAGING','根因分析完成','ANALYZED',2),(68,'2026-06-14 08:45:58.578089',38,'DRAFT','提交缺陷','REPORTED',1),(69,'2026-06-14 08:45:58.582218',38,'REPORTED','开始分诊','TRIAGING',2),(70,'2026-06-14 08:45:58.585114',38,'TRIAGING','根因分析完成','ANALYZED',2),(71,'2026-06-14 08:45:58.595328',39,'DRAFT','提交缺陷','REPORTED',1),(72,'2026-06-14 08:45:58.598098',39,'REPORTED','开始分诊','TRIAGING',2),(73,'2026-06-14 08:45:58.600764',39,'TRIAGING','根因分析完成','ANALYZED',2),(74,'2026-06-14 08:45:58.605605',40,'DRAFT','提交缺陷','REPORTED',1),(75,'2026-06-14 08:45:58.607732',40,'REPORTED','开始分诊','TRIAGING',2),(76,'2026-06-14 08:45:58.611394',40,'TRIAGING','已完成分诊，开始分析','ANALYZED',2),(77,'2026-06-14 08:45:58.615260',40,'ANALYZED','修复方案已规划，等待开发排期','PLANNED',2),(78,'2026-06-14 08:45:58.622652',41,'DRAFT','提交缺陷','REPORTED',1),(79,'2026-06-14 08:45:58.626732',41,'REPORTED','开始分诊','TRIAGING',2),(80,'2026-06-14 08:45:58.630627',41,'TRIAGING','已完成分诊，开始分析','ANALYZED',2),(81,'2026-06-14 08:45:58.634084',41,'ANALYZED','修复方案已规划，等待开发排期','PLANNED',2),(82,'2026-06-14 08:45:58.640798',42,'DRAFT','提交缺陷','REPORTED',1),(83,'2026-06-14 08:45:58.644820',42,'REPORTED','开始分诊','TRIAGING',2),(84,'2026-06-14 08:45:58.648652',42,'TRIAGING','已完成分诊，开始分析','ANALYZED',2),(85,'2026-06-14 08:45:58.651332',42,'ANALYZED','修复方案已规划，等待开发排期','PLANNED',2),(86,'2026-06-14 08:45:58.659305',43,'DRAFT','提交缺陷','REPORTED',1),(87,'2026-06-14 08:45:58.662550',43,'REPORTED','开始分诊','TRIAGING',2),(88,'2026-06-14 08:45:58.665999',43,'TRIAGING','已完成分诊，开始分析','ANALYZED',2),(89,'2026-06-14 08:45:58.669303',43,'ANALYZED','修复方案已规划，等待开发排期','PLANNED',2),(90,'2026-06-14 08:45:58.676731',44,'DRAFT','提交缺陷','REPORTED',1),(91,'2026-06-14 08:45:58.679446',44,'REPORTED','开始分诊','TRIAGING',2),(92,'2026-06-14 08:45:58.681623',44,'TRIAGING','已完成分诊，开始分析','ANALYZED',2),(93,'2026-06-14 08:45:58.683788',44,'ANALYZED','修复方案已规划，等待开发排期','PLANNED',2),(94,'2026-06-14 08:45:58.688146',45,'DRAFT','提交缺陷','REPORTED',1),(95,'2026-06-14 08:45:58.691641',45,'REPORTED','开始分诊','TRIAGING',2),(96,'2026-06-14 08:45:58.695540',45,'TRIAGING','已完成分诊，开始分析','ANALYZED',2),(97,'2026-06-14 08:45:58.698815',45,'ANALYZED','修复方案已规划，等待开发排期','PLANNED',2),(98,'2026-06-14 08:45:58.705202',46,'DRAFT','提交缺陷','REPORTED',1),(99,'2026-06-14 08:45:58.708481',46,'REPORTED','开始分诊','TRIAGING',2),(100,'2026-06-14 08:45:58.711828',46,'TRIAGING','已完成分诊，开始分析','ANALYZED',2),(101,'2026-06-14 08:45:58.714986',46,'ANALYZED','修复方案已规划，等待开发排期','PLANNED',2),(102,'2026-06-14 08:45:58.722601',47,'DRAFT','提交缺陷','REPORTED',1),(103,'2026-06-14 08:45:58.726148',47,'REPORTED','开始分诊','TRIAGING',2),(104,'2026-06-14 08:45:58.730093',47,'TRIAGING','已完成分诊，开始分析','ANALYZED',2),(105,'2026-06-14 08:45:58.733281',47,'ANALYZED','修复方案已规划，等待开发排期','PLANNED',2),(106,'2026-06-14 08:45:58.739744',48,'DRAFT','提交缺陷','REPORTED',1),(107,'2026-06-14 08:45:58.742028',48,'REPORTED','开始分诊','TRIAGING',2),(108,'2026-06-14 08:45:58.745948',48,'TRIAGING','已完成分诊，开始分析','ANALYZED',2),(109,'2026-06-14 08:45:58.749314',48,'ANALYZED','根因分析完成','PLANNED',2),(110,'2026-06-14 08:45:58.752726',48,'PLANNED','开发人员已开始修复','IN_REPAIR',2),(111,'2026-06-14 08:45:58.759963',49,'DRAFT','提交缺陷','REPORTED',1),(112,'2026-06-14 08:45:58.763991',49,'REPORTED','开始分诊','TRIAGING',2),(113,'2026-06-14 08:45:58.767601',49,'TRIAGING','已完成分诊，开始分析','ANALYZED',2),(114,'2026-06-14 08:45:58.772231',49,'ANALYZED','根因分析完成','PLANNED',2),(115,'2026-06-14 08:45:58.775005',49,'PLANNED','开发人员已开始修复','IN_REPAIR',2),(116,'2026-06-14 08:45:58.782057',50,'DRAFT','提交缺陷','REPORTED',1),(117,'2026-06-14 08:45:58.785515',50,'REPORTED','开始分诊','TRIAGING',2),(118,'2026-06-14 08:45:58.788999',50,'TRIAGING','已完成分诊，开始分析','ANALYZED',2),(119,'2026-06-14 08:45:58.792186',50,'ANALYZED','根因分析完成','PLANNED',2),(120,'2026-06-14 08:45:58.794996',50,'PLANNED','开发人员已开始修复','IN_REPAIR',2),(121,'2026-06-14 08:45:58.802982',51,'DRAFT','提交缺陷','REPORTED',1),(122,'2026-06-14 08:45:58.806363',51,'REPORTED','开始分诊','TRIAGING',2),(123,'2026-06-14 08:45:58.809437',51,'TRIAGING','已完成分诊，开始分析','ANALYZED',2),(124,'2026-06-14 08:45:58.812300',51,'ANALYZED','根因分析完成','PLANNED',2),(125,'2026-06-14 08:45:58.816296',51,'PLANNED','开发人员已开始修复','IN_REPAIR',2),(126,'2026-06-14 08:45:58.824079',52,'DRAFT','提交缺陷','REPORTED',1),(127,'2026-06-14 08:45:58.829107',52,'REPORTED','开始分诊','TRIAGING',2),(128,'2026-06-14 08:45:58.834121',52,'TRIAGING','已完成分诊，开始分析','ANALYZED',2),(129,'2026-06-14 08:45:58.837952',52,'ANALYZED','根因分析完成','PLANNED',2),(130,'2026-06-14 08:45:58.842043',52,'PLANNED','开发人员已开始修复','IN_REPAIR',2),(131,'2026-06-14 08:45:58.848965',53,'DRAFT','提交缺陷','REPORTED',1),(132,'2026-06-14 08:45:58.852523',53,'REPORTED','开始分诊','TRIAGING',2),(133,'2026-06-14 08:45:58.856422',53,'TRIAGING','已完成分诊，开始分析','ANALYZED',2),(134,'2026-06-14 08:45:58.860588',53,'ANALYZED','根因分析完成','PLANNED',2),(135,'2026-06-14 08:45:58.864486',53,'PLANNED','开发人员已开始修复','IN_REPAIR',2),(136,'2026-06-14 08:45:58.871703',54,'DRAFT','提交缺陷','REPORTED',1),(137,'2026-06-14 08:45:58.874530',54,'REPORTED','开始分诊','TRIAGING',2),(138,'2026-06-14 08:45:58.878371',54,'TRIAGING','已完成分诊，开始分析','ANALYZED',2),(139,'2026-06-14 08:45:58.881643',54,'ANALYZED','根因分析完成','PLANNED',2),(140,'2026-06-14 08:45:58.885024',54,'PLANNED','开发人员已开始修复','IN_REPAIR',2),(141,'2026-06-14 08:45:58.891739',55,'DRAFT','提交缺陷','REPORTED',1),(142,'2026-06-14 08:45:58.894977',55,'REPORTED','开始分诊','TRIAGING',2),(143,'2026-06-14 08:45:58.897773',55,'TRIAGING','已完成分诊，开始分析','ANALYZED',2),(144,'2026-06-14 08:45:58.901106',55,'ANALYZED','根因分析完成','PLANNED',2),(145,'2026-06-14 08:45:58.905039',55,'PLANNED','开发人员已开始修复','IN_REPAIR',2),(146,'2026-06-14 08:45:58.912396',56,'DRAFT','提交缺陷','REPORTED',1),(147,'2026-06-14 08:45:58.915207',56,'REPORTED','开始分诊','TRIAGING',2),(148,'2026-06-14 08:45:58.918558',56,'TRIAGING','已完成分诊，开始分析','ANALYZED',2),(149,'2026-06-14 08:45:58.921395',56,'ANALYZED','根因分析完成','PLANNED',2),(150,'2026-06-14 08:45:58.924285',56,'PLANNED','开发人员已开始修复','IN_REPAIR',2),(151,'2026-06-14 08:45:58.931622',57,'DRAFT','提交缺陷','REPORTED',1),(152,'2026-06-14 08:45:58.934333',57,'REPORTED','开始分诊','TRIAGING',2),(153,'2026-06-14 08:45:58.937157',57,'TRIAGING','已完成分诊，开始分析','ANALYZED',2),(154,'2026-06-14 08:45:58.939324',57,'ANALYZED','根因分析完成','PLANNED',2),(155,'2026-06-14 08:45:58.942613',57,'PLANNED','开发人员已开始修复','IN_REPAIR',2),(156,'2026-06-14 08:45:58.951311',58,'DRAFT','提交缺陷','REPORTED',1),(157,'2026-06-14 08:45:58.954569',58,'REPORTED','开始分诊','TRIAGING',2),(158,'2026-06-14 08:45:58.957959',58,'TRIAGING','已完成分诊，开始分析','ANALYZED',2),(159,'2026-06-14 08:45:58.960680',58,'ANALYZED','根因分析完成','PLANNED',2),(160,'2026-06-14 08:45:58.964003',58,'PLANNED','开发人员已开始修复','IN_REPAIR',2),(161,'2026-06-14 08:45:58.972578',59,'DRAFT','提交缺陷','REPORTED',1),(162,'2026-06-14 08:45:58.975291',59,'REPORTED','开始分诊','TRIAGING',2),(163,'2026-06-14 08:45:58.977514',59,'TRIAGING','已完成分诊，开始分析','ANALYZED',2),(164,'2026-06-14 08:45:58.980387',59,'ANALYZED','根因分析完成','PLANNED',2),(165,'2026-06-14 08:45:58.983784',59,'PLANNED','开发人员已开始修复','IN_REPAIR',2),(166,'2026-06-14 08:45:58.991560',60,'DRAFT','提交缺陷','REPORTED',1),(167,'2026-06-14 08:45:58.994428',60,'REPORTED','开始分诊','TRIAGING',2),(168,'2026-06-14 08:45:58.998088',60,'TRIAGING','已完成分诊，开始分析','ANALYZED',2),(169,'2026-06-14 08:45:59.001606',60,'ANALYZED','根因分析完成','PLANNED',2),(170,'2026-06-14 08:45:59.004875',60,'PLANNED','开发人员已开始修复','IN_REPAIR',2),(171,'2026-06-14 08:45:59.012139',61,'DRAFT','提交缺陷','REPORTED',1),(172,'2026-06-14 08:45:59.015473',61,'REPORTED','开始分诊','TRIAGING',2),(173,'2026-06-14 08:45:59.018800',61,'TRIAGING','已完成分诊，开始分析','ANALYZED',2),(174,'2026-06-14 08:45:59.021125',61,'ANALYZED','根因分析完成','PLANNED',2),(175,'2026-06-14 08:45:59.024536',61,'PLANNED','开发人员已开始修复','IN_REPAIR',2),(176,'2026-06-14 08:45:59.033732',62,'DRAFT','提交缺陷','REPORTED',1),(177,'2026-06-14 08:45:59.036476',62,'REPORTED','开始分诊','TRIAGING',2),(178,'2026-06-14 08:45:59.039791',62,'TRIAGING','已完成分诊，开始分析','ANALYZED',2),(179,'2026-06-14 08:45:59.042593',62,'ANALYZED','根因分析完成','PLANNED',2),(180,'2026-06-14 08:45:59.046696',62,'PLANNED','开发人员已开始修复','IN_REPAIR',2),(181,'2026-06-14 08:45:59.054006',63,'DRAFT','提交缺陷','REPORTED',1),(182,'2026-06-14 08:45:59.057951',63,'REPORTED','开始分诊','TRIAGING',2),(183,'2026-06-14 08:45:59.061408',63,'TRIAGING','已完成分诊，开始分析','ANALYZED',2),(184,'2026-06-14 08:45:59.064158',63,'ANALYZED','根因分析完成','PLANNED',2),(185,'2026-06-14 08:45:59.068500',63,'PLANNED','开发人员已开始修复','IN_REPAIR',2),(186,'2026-06-14 08:45:59.076663',64,'DRAFT','提交缺陷','REPORTED',1),(187,'2026-06-14 08:45:59.080028',64,'REPORTED','开始分诊','TRIAGING',2),(188,'2026-06-14 08:45:59.082799',64,'TRIAGING','已完成分诊，开始分析','ANALYZED',2),(189,'2026-06-14 08:45:59.087412',64,'ANALYZED','根因分析完成','PLANNED',2),(190,'2026-06-14 08:45:59.093622',64,'PLANNED','开发人员已开始修复','IN_REPAIR',2),(191,'2026-06-14 08:45:59.100280',65,'DRAFT','提交缺陷','REPORTED',1),(192,'2026-06-14 08:45:59.102948',65,'REPORTED','开始分诊','TRIAGING',2),(193,'2026-06-14 08:45:59.105242',65,'TRIAGING','已完成分诊，开始分析','ANALYZED',2),(194,'2026-06-14 08:45:59.108021',65,'ANALYZED','根因分析完成','PLANNED',2),(195,'2026-06-14 08:45:59.110172',65,'PLANNED','制定修复方案','IN_REPAIR',2),(196,'2026-06-14 08:45:59.112879',65,'IN_REPAIR','修复完成，已提交代码','FIXED',2),(197,'2026-06-14 08:45:59.119661',66,'DRAFT','提交缺陷','REPORTED',1),(198,'2026-06-14 08:45:59.121857',66,'REPORTED','开始分诊','TRIAGING',2),(199,'2026-06-14 08:45:59.124352',66,'TRIAGING','已完成分诊，开始分析','ANALYZED',2),(200,'2026-06-14 08:45:59.126518',66,'ANALYZED','根因分析完成','PLANNED',2),(201,'2026-06-14 08:45:59.128676',66,'PLANNED','制定修复方案','IN_REPAIR',2),(202,'2026-06-14 08:45:59.130309',66,'IN_REPAIR','修复完成，已提交代码','FIXED',2),(203,'2026-06-14 08:45:59.136846',67,'DRAFT','提交缺陷','REPORTED',1),(204,'2026-06-14 08:45:59.140284',67,'REPORTED','开始分诊','TRIAGING',2),(205,'2026-06-14 08:45:59.146175',67,'TRIAGING','已完成分诊，开始分析','ANALYZED',2),(206,'2026-06-14 08:45:59.148872',67,'ANALYZED','根因分析完成','PLANNED',2),(207,'2026-06-14 08:45:59.151128',67,'PLANNED','制定修复方案','IN_REPAIR',2),(208,'2026-06-14 08:45:59.153905',67,'IN_REPAIR','修复完成，已提交代码','FIXED',2),(209,'2026-06-14 08:45:59.159457',68,'DRAFT','提交缺陷','REPORTED',1),(210,'2026-06-14 08:45:59.162201',68,'REPORTED','开始分诊','TRIAGING',2),(211,'2026-06-14 08:45:59.164943',68,'TRIAGING','已完成分诊，开始分析','ANALYZED',2),(212,'2026-06-14 08:45:59.167910',68,'ANALYZED','根因分析完成','PLANNED',2),(213,'2026-06-14 08:45:59.170090',68,'PLANNED','制定修复方案','IN_REPAIR',2),(214,'2026-06-14 08:45:59.172238',68,'IN_REPAIR','修复完成，已提交代码','FIXED',2),(215,'2026-06-14 08:45:59.176613',69,'DRAFT','提交缺陷','REPORTED',1),(216,'2026-06-14 08:45:59.178836',69,'REPORTED','开始分诊','TRIAGING',2),(217,'2026-06-14 08:45:59.180971',69,'TRIAGING','已完成分诊，开始分析','ANALYZED',2),(218,'2026-06-14 08:45:59.182693',69,'ANALYZED','根因分析完成','PLANNED',2),(219,'2026-06-14 08:45:59.185420',69,'PLANNED','制定修复方案','IN_REPAIR',2),(220,'2026-06-14 08:45:59.188150',69,'IN_REPAIR','修复完成，已提交代码','FIXED',2),(221,'2026-06-14 08:45:59.194200',70,'DRAFT','提交缺陷','REPORTED',1),(222,'2026-06-14 08:45:59.196509',70,'REPORTED','开始分诊','TRIAGING',2),(223,'2026-06-14 08:45:59.199882',70,'TRIAGING','已完成分诊，开始分析','ANALYZED',2),(224,'2026-06-14 08:45:59.202655',70,'ANALYZED','根因分析完成','PLANNED',2),(225,'2026-06-14 08:45:59.204861',70,'PLANNED','制定修复方案','IN_REPAIR',2),(226,'2026-06-14 08:45:59.207055',70,'IN_REPAIR','修复完成，已提交代码','FIXED',2),(227,'2026-06-14 08:45:59.213983',71,'DRAFT','提交缺陷','REPORTED',1),(228,'2026-06-14 08:45:59.216184',71,'REPORTED','开始分诊','TRIAGING',2),(229,'2026-06-14 08:45:59.218609',71,'TRIAGING','已完成分诊，开始分析','ANALYZED',2),(230,'2026-06-14 08:45:59.220256',71,'ANALYZED','根因分析完成','PLANNED',2),(231,'2026-06-14 08:45:59.222411',71,'PLANNED','制定修复方案','IN_REPAIR',2),(232,'2026-06-14 08:45:59.224098',71,'IN_REPAIR','修复完成，已提交代码','FIXED',2),(233,'2026-06-14 08:45:59.229247',72,'DRAFT','提交缺陷','REPORTED',1),(234,'2026-06-14 08:45:59.232593',72,'REPORTED','开始分诊','TRIAGING',2),(235,'2026-06-14 08:45:59.235872',72,'TRIAGING','已完成分诊，开始分析','ANALYZED',2),(236,'2026-06-14 08:45:59.238659',72,'ANALYZED','根因分析完成','PLANNED',2),(237,'2026-06-14 08:45:59.241407',72,'PLANNED','制定修复方案','IN_REPAIR',2),(238,'2026-06-14 08:45:59.244366',72,'IN_REPAIR','修复完成，已提交代码','FIXED',2),(239,'2026-06-14 08:45:59.250550',73,'DRAFT','提交缺陷','REPORTED',1),(240,'2026-06-14 08:45:59.252791',73,'REPORTED','开始分诊','TRIAGING',2),(241,'2026-06-14 08:45:59.254956',73,'TRIAGING','已完成分诊，开始分析','ANALYZED',2),(242,'2026-06-14 08:45:59.256597',73,'ANALYZED','根因分析完成','PLANNED',2),(243,'2026-06-14 08:45:59.259600',73,'PLANNED','制定修复方案','IN_REPAIR',2),(244,'2026-06-14 08:45:59.262470',73,'IN_REPAIR','修复完成，已提交代码','FIXED',2),(245,'2026-06-14 08:45:59.267344',74,'DRAFT','提交缺陷','REPORTED',1),(246,'2026-06-14 08:45:59.269559',74,'REPORTED','开始分诊','TRIAGING',2),(247,'2026-06-14 08:45:59.271673',74,'TRIAGING','已完成分诊，开始分析','ANALYZED',2),(248,'2026-06-14 08:45:59.274044',74,'ANALYZED','根因分析完成','PLANNED',2),(249,'2026-06-14 08:45:59.277432',74,'PLANNED','制定修复方案','IN_REPAIR',2),(250,'2026-06-14 08:45:59.280829',74,'IN_REPAIR','修复完成，已提交代码','FIXED',2),(251,'2026-06-14 08:45:59.287533',75,'DRAFT','提交缺陷','REPORTED',1),(252,'2026-06-14 08:45:59.290455',75,'REPORTED','开始分诊','TRIAGING',2),(253,'2026-06-14 08:45:59.292631',75,'TRIAGING','已完成分诊，开始分析','ANALYZED',2),(254,'2026-06-14 08:45:59.295991',75,'ANALYZED','根因分析完成','PLANNED',2),(255,'2026-06-14 08:45:59.299364',75,'PLANNED','制定修复方案','IN_REPAIR',2),(256,'2026-06-14 08:45:59.301597',75,'IN_REPAIR','开始修复','FIXED',2),(257,'2026-06-14 08:45:59.304417',75,'FIXED','QA验证通过','VERIFIED',3),(258,'2026-06-14 08:45:59.309530',76,'DRAFT','提交缺陷','REPORTED',1),(259,'2026-06-14 08:45:59.311531',76,'REPORTED','开始分诊','TRIAGING',2),(260,'2026-06-14 08:45:59.313590',76,'TRIAGING','已完成分诊，开始分析','ANALYZED',2),(261,'2026-06-14 08:45:59.316811',76,'ANALYZED','根因分析完成','PLANNED',2),(262,'2026-06-14 08:45:59.320516',76,'PLANNED','制定修复方案','IN_REPAIR',2),(263,'2026-06-14 08:45:59.323244',76,'IN_REPAIR','开始修复','FIXED',2),(264,'2026-06-14 08:45:59.325996',76,'FIXED','QA验证通过','VERIFIED',3),(265,'2026-06-14 08:45:59.332033',77,'DRAFT','提交缺陷','REPORTED',1),(266,'2026-06-14 08:45:59.334756',77,'REPORTED','开始分诊','TRIAGING',2),(267,'2026-06-14 08:45:59.337588',77,'TRIAGING','已完成分诊，开始分析','ANALYZED',2),(268,'2026-06-14 08:45:59.340904',77,'ANALYZED','根因分析完成','PLANNED',2),(269,'2026-06-14 08:45:59.343708',77,'PLANNED','制定修复方案','IN_REPAIR',2),(270,'2026-06-14 08:45:59.345942',77,'IN_REPAIR','开始修复','FIXED',2),(271,'2026-06-14 08:45:59.349481',77,'FIXED','QA验证通过','VERIFIED',3),(272,'2026-06-14 08:45:59.355990',78,'DRAFT','提交缺陷','REPORTED',1),(273,'2026-06-14 08:45:59.358210',78,'REPORTED','开始分诊','TRIAGING',2),(274,'2026-06-14 08:45:59.361223',78,'TRIAGING','已完成分诊，开始分析','ANALYZED',2),(275,'2026-06-14 08:45:59.364211',78,'ANALYZED','根因分析完成','PLANNED',2),(276,'2026-06-14 08:45:59.367212',78,'PLANNED','制定修复方案','IN_REPAIR',2),(277,'2026-06-14 08:45:59.369507',78,'IN_REPAIR','开始修复','FIXED',2),(278,'2026-06-14 08:45:59.372234',78,'FIXED','QA验证通过','VERIFIED',3),(279,'2026-06-14 08:45:59.378950',79,'DRAFT','提交缺陷','REPORTED',1),(280,'2026-06-14 08:45:59.381906',79,'REPORTED','开始分诊','TRIAGING',2),(281,'2026-06-14 08:45:59.384674',79,'TRIAGING','已完成分诊，开始分析','ANALYZED',2),(282,'2026-06-14 08:45:59.387474',79,'ANALYZED','根因分析完成','PLANNED',2),(283,'2026-06-14 08:45:59.389947',79,'PLANNED','制定修复方案','IN_REPAIR',2),(284,'2026-06-14 08:45:59.392750',79,'IN_REPAIR','开始修复','FIXED',2),(285,'2026-06-14 08:45:59.395713',79,'FIXED','QA验证通过','VERIFIED',3),(286,'2026-06-14 08:45:59.402593',80,'DRAFT','提交缺陷','REPORTED',1),(287,'2026-06-14 08:45:59.405343',80,'REPORTED','开始分诊','TRIAGING',2),(288,'2026-06-14 08:45:59.407537',80,'TRIAGING','已完成分诊，开始分析','ANALYZED',2),(289,'2026-06-14 08:45:59.410265',80,'ANALYZED','根因分析完成','PLANNED',2),(290,'2026-06-14 08:45:59.413732',80,'PLANNED','制定修复方案','IN_REPAIR',2),(291,'2026-06-14 08:45:59.417026',80,'IN_REPAIR','开始修复','FIXED',2),(292,'2026-06-14 08:45:59.420338',80,'FIXED','QA验证通过','VERIFIED',3),(293,'2026-06-14 08:45:59.425290',81,'DRAFT','提交缺陷','REPORTED',1),(294,'2026-06-14 08:45:59.428118',81,'REPORTED','开始分诊','TRIAGING',2),(295,'2026-06-14 08:45:59.431994',81,'TRIAGING','已完成分诊，开始分析','ANALYZED',2),(296,'2026-06-14 08:45:59.436367',81,'ANALYZED','根因分析完成','PLANNED',2),(297,'2026-06-14 08:45:59.439677',81,'PLANNED','制定修复方案','IN_REPAIR',2),(298,'2026-06-14 08:45:59.442955',81,'IN_REPAIR','开始修复','FIXED',2),(299,'2026-06-14 08:45:59.446608',81,'FIXED','QA验证通过','VERIFIED',3),(300,'2026-06-14 08:45:59.455877',82,'DRAFT','提交缺陷','REPORTED',1),(301,'2026-06-14 08:45:59.459820',82,'REPORTED','开始分诊','TRIAGING',2),(302,'2026-06-14 08:45:59.462679',82,'TRIAGING','已完成分诊，开始分析','ANALYZED',2),(303,'2026-06-14 08:45:59.465936',82,'ANALYZED','根因分析完成','PLANNED',2),(304,'2026-06-14 08:45:59.468116',82,'PLANNED','制定修复方案','IN_REPAIR',2),(305,'2026-06-14 08:45:59.470825',82,'IN_REPAIR','开始修复','FIXED',2),(306,'2026-06-14 08:45:59.473529',82,'FIXED','QA验证通过','VERIFIED',3),(307,'2026-06-14 08:45:59.481012',83,'DRAFT','提交缺陷','REPORTED',1),(308,'2026-06-14 08:45:59.483857',83,'REPORTED','开始分诊','TRIAGING',2),(309,'2026-06-14 08:45:59.486064',83,'TRIAGING','已完成分诊，开始分析','ANALYZED',2),(310,'2026-06-14 08:45:59.491676',83,'ANALYZED','根因分析完成','PLANNED',2),(311,'2026-06-14 08:45:59.493952',83,'PLANNED','制定修复方案','IN_REPAIR',2),(312,'2026-06-14 08:45:59.495577',83,'IN_REPAIR','开始修复','FIXED',2),(313,'2026-06-14 08:45:59.498347',83,'FIXED','修复完成，提交验证','VERIFIED',2),(314,'2026-06-14 08:45:59.500583',83,'VERIFIED','QA已关闭缺陷','CLOSED',3),(315,'2026-06-14 08:45:59.514850',84,'DRAFT','提交缺陷','REPORTED',1),(316,'2026-06-14 08:45:59.515852',84,'REPORTED','开始分诊','TRIAGING',2),(317,'2026-06-14 08:45:59.518358',84,'TRIAGING','已完成分诊，开始分析','ANALYZED',2),(318,'2026-06-14 08:45:59.521853',84,'ANALYZED','根因分析完成','PLANNED',2),(319,'2026-06-14 08:45:59.525387',84,'PLANNED','制定修复方案','IN_REPAIR',2),(320,'2026-06-14 08:45:59.528942',84,'IN_REPAIR','开始修复','FIXED',2),(321,'2026-06-14 08:45:59.531638',84,'FIXED','修复完成，提交验证','VERIFIED',2),(322,'2026-06-14 08:45:59.533965',84,'VERIFIED','QA已关闭缺陷','CLOSED',3),(323,'2026-06-14 08:45:59.547803',85,'DRAFT','提交缺陷','REPORTED',1),(324,'2026-06-14 08:45:59.550023',85,'REPORTED','开始分诊','TRIAGING',2),(325,'2026-06-14 08:45:59.552827',85,'TRIAGING','已完成分诊，开始分析','ANALYZED',2),(326,'2026-06-14 08:45:59.555017',85,'ANALYZED','根因分析完成','PLANNED',2),(327,'2026-06-14 08:45:59.557800',85,'PLANNED','制定修复方案','IN_REPAIR',2),(328,'2026-06-14 08:45:59.561174',85,'IN_REPAIR','开始修复','FIXED',2),(329,'2026-06-14 08:45:59.564034',85,'FIXED','修复完成，提交验证','VERIFIED',2),(330,'2026-06-14 08:45:59.566257',85,'VERIFIED','QA已关闭缺陷','CLOSED',3),(331,'2026-06-14 08:45:59.580042',86,'DRAFT','提交缺陷','REPORTED',1),(332,'2026-06-14 08:45:59.582852',86,'REPORTED','开始分诊','TRIAGING',2),(333,'2026-06-14 08:45:59.586089',86,'TRIAGING','已完成分诊，开始分析','ANALYZED',2),(334,'2026-06-14 08:45:59.589541',86,'ANALYZED','根因分析完成','PLANNED',2),(335,'2026-06-14 08:45:59.592298',86,'PLANNED','制定修复方案','IN_REPAIR',2),(336,'2026-06-14 08:45:59.594584',86,'IN_REPAIR','开始修复','FIXED',2),(337,'2026-06-14 08:45:59.597410',86,'FIXED','修复完成，提交验证','VERIFIED',2),(338,'2026-06-14 08:45:59.600951',86,'VERIFIED','QA已关闭缺陷','CLOSED',3),(339,'2026-06-14 08:45:59.615392',87,'DRAFT','提交缺陷','REPORTED',1),(340,'2026-06-14 08:45:59.618135',87,'REPORTED','开始分诊','TRIAGING',2),(341,'2026-06-14 08:45:59.620804',87,'TRIAGING','已完成分诊，开始分析','ANALYZED',2),(342,'2026-06-14 08:45:59.622974',87,'ANALYZED','根因分析完成','PLANNED',2),(343,'2026-06-14 08:45:59.625767',87,'PLANNED','制定修复方案','IN_REPAIR',2),(344,'2026-06-14 08:45:59.627999',87,'IN_REPAIR','开始修复','FIXED',2),(345,'2026-06-14 08:45:59.631504',87,'FIXED','修复完成，提交验证','VERIFIED',2),(346,'2026-06-14 08:45:59.635210',87,'VERIFIED','QA已关闭缺陷','CLOSED',3),(347,'2026-06-14 08:45:59.646820',88,'DRAFT','提交缺陷','REPORTED',1),(348,'2026-06-14 08:45:59.650108',88,'REPORTED','开始分诊','TRIAGING',2),(349,'2026-06-14 08:45:59.652851',88,'TRIAGING','已完成分诊，开始分析','ANALYZED',2),(350,'2026-06-14 08:45:59.655033',88,'ANALYZED','根因分析完成','PLANNED',2),(351,'2026-06-14 08:45:59.657261',88,'PLANNED','制定修复方案','IN_REPAIR',2),(352,'2026-06-14 08:45:59.660126',88,'IN_REPAIR','开始修复','FIXED',2),(353,'2026-06-14 08:45:59.663470',88,'FIXED','修复完成，提交验证','VERIFIED',2),(354,'2026-06-14 08:45:59.665647',88,'VERIFIED','QA已关闭缺陷','CLOSED',3),(355,'2026-06-14 08:45:59.681336',89,'DRAFT','提交缺陷','REPORTED',1),(356,'2026-06-14 08:45:59.684087',89,'REPORTED','开始分诊','TRIAGING',2),(357,'2026-06-14 08:45:59.687266',89,'TRIAGING','已完成分诊，开始分析','ANALYZED',2),(358,'2026-06-14 08:45:59.690023',89,'ANALYZED','根因分析完成','PLANNED',2),(359,'2026-06-14 08:45:59.693230',89,'PLANNED','制定修复方案','IN_REPAIR',2),(360,'2026-06-14 08:45:59.696018',89,'IN_REPAIR','开始修复','FIXED',2),(361,'2026-06-14 08:45:59.698949',89,'FIXED','修复完成，提交验证','VERIFIED',2),(362,'2026-06-14 08:45:59.701840',89,'VERIFIED','QA已关闭缺陷','CLOSED',3),(363,'2026-06-14 08:45:59.714369',90,'DRAFT','提交缺陷','REPORTED',1),(364,'2026-06-14 08:45:59.717724',90,'REPORTED','开始分诊','TRIAGING',2),(365,'2026-06-14 08:45:59.720558',90,'TRIAGING','已完成分诊，开始分析','ANALYZED',2),(366,'2026-06-14 08:45:59.724105',90,'ANALYZED','根因分析完成','PLANNED',2),(367,'2026-06-14 08:45:59.726854',90,'PLANNED','制定修复方案','IN_REPAIR',2),(368,'2026-06-14 08:45:59.729663',90,'IN_REPAIR','开始修复','FIXED',2),(369,'2026-06-14 08:45:59.732471',90,'FIXED','修复完成，提交验证','VERIFIED',2),(370,'2026-06-14 08:45:59.734731',90,'VERIFIED','QA已关闭缺陷','CLOSED',3),(371,'2026-06-14 08:45:59.749768',91,'DRAFT','提交缺陷','REPORTED',1),(372,'2026-06-14 08:45:59.752545',91,'REPORTED','开始分诊','TRIAGING',2),(373,'2026-06-14 08:45:59.754764',91,'TRIAGING','已完成分诊，开始分析','ANALYZED',2),(374,'2026-06-14 08:45:59.756405',91,'ANALYZED','根因分析完成','PLANNED',2),(375,'2026-06-14 08:45:59.758035',91,'PLANNED','制定修复方案','IN_REPAIR',2),(376,'2026-06-14 08:45:59.760984',91,'IN_REPAIR','开始修复','FIXED',2),(377,'2026-06-14 08:45:59.764397',91,'FIXED','修复完成，提交验证','VERIFIED',2),(378,'2026-06-14 08:45:59.768038',91,'VERIFIED','QA已关闭缺陷','CLOSED',3),(379,'2026-06-14 08:45:59.781306',92,'DRAFT','提交缺陷','REPORTED',1),(380,'2026-06-14 08:45:59.784206',92,'REPORTED','开始分诊','TRIAGING',2),(381,'2026-06-14 08:45:59.787573',92,'TRIAGING','已完成分诊，开始分析','ANALYZED',2),(382,'2026-06-14 08:45:59.789785',92,'ANALYZED','根因分析完成','PLANNED',2),(383,'2026-06-14 08:45:59.792353',92,'PLANNED','制定修复方案','IN_REPAIR',2),(384,'2026-06-14 08:45:59.794970',92,'IN_REPAIR','开始修复','FIXED',2),(385,'2026-06-14 08:45:59.798043',92,'FIXED','修复完成，提交验证','VERIFIED',2),(386,'2026-06-14 08:45:59.800248',92,'VERIFIED','QA已关闭缺陷','CLOSED',3),(387,'2026-06-14 08:45:59.817789',93,'DRAFT','提交缺陷','REPORTED',1),(388,'2026-06-14 08:45:59.821670',93,'REPORTED','开始分诊','TRIAGING',2),(389,'2026-06-14 08:45:59.824596',93,'TRIAGING','已完成分诊，开始分析','ANALYZED',2),(390,'2026-06-14 08:45:59.827403',93,'ANALYZED','根因分析完成','PLANNED',2),(391,'2026-06-14 08:45:59.829595',93,'PLANNED','制定修复方案','IN_REPAIR',2),(392,'2026-06-14 08:45:59.832338',93,'IN_REPAIR','开始修复','FIXED',2),(393,'2026-06-14 08:45:59.835087',93,'FIXED','修复完成，提交验证','VERIFIED',2),(394,'2026-06-14 08:45:59.837915',93,'VERIFIED','QA已关闭缺陷','CLOSED',3),(395,'2026-06-14 08:45:59.851793',94,'DRAFT','提交缺陷','REPORTED',1),(396,'2026-06-14 08:45:59.854387',94,'REPORTED','开始分诊','TRIAGING',2),(397,'2026-06-14 08:45:59.857238',94,'TRIAGING','已完成分诊，开始分析','ANALYZED',2),(398,'2026-06-14 08:45:59.860382',94,'ANALYZED','根因分析完成','PLANNED',2),(399,'2026-06-14 08:45:59.862929',94,'PLANNED','制定修复方案','IN_REPAIR',2),(400,'2026-06-14 08:45:59.864941',94,'IN_REPAIR','开始修复','FIXED',2),(401,'2026-06-14 08:45:59.868475',94,'FIXED','修复完成，提交验证','VERIFIED',2),(402,'2026-06-14 08:45:59.870474',94,'VERIFIED','QA已关闭缺陷','CLOSED',3),(403,'2026-06-14 08:45:59.884030',95,'DRAFT','提交缺陷','REPORTED',1),(404,'2026-06-14 08:45:59.886226',95,'REPORTED','开始分诊','TRIAGING',2),(405,'2026-06-14 08:45:59.887863',95,'TRIAGING','已完成分诊，开始分析','ANALYZED',2),(406,'2026-06-14 08:45:59.890089',95,'ANALYZED','根因分析完成','PLANNED',2),(407,'2026-06-14 08:45:59.891722',95,'PLANNED','制定修复方案','IN_REPAIR',2),(408,'2026-06-14 08:45:59.894529',95,'IN_REPAIR','开始修复','FIXED',2),(409,'2026-06-14 08:45:59.898402',95,'FIXED','修复完成，提交验证','VERIFIED',2),(410,'2026-06-14 08:45:59.901381',95,'VERIFIED','QA已关闭缺陷','CLOSED',3),(411,'2026-06-14 08:45:59.914373',96,'DRAFT','提交缺陷','REPORTED',1),(412,'2026-06-14 08:45:59.916569',96,'REPORTED','开始分诊','TRIAGING',2),(413,'2026-06-14 08:45:59.920511',96,'TRIAGING','已完成分诊，开始分析','ANALYZED',2),(414,'2026-06-14 08:45:59.923563',96,'ANALYZED','根因分析完成','PLANNED',2),(415,'2026-06-14 08:45:59.926302',96,'PLANNED','制定修复方案','IN_REPAIR',2),(416,'2026-06-14 08:45:59.929280',96,'IN_REPAIR','开始修复','FIXED',2),(417,'2026-06-14 08:45:59.932693',96,'FIXED','修复完成，提交验证','VERIFIED',2),(418,'2026-06-14 08:45:59.935679',96,'VERIFIED','QA已关闭缺陷','CLOSED',3),(419,'2026-06-14 08:45:59.952228',97,'DRAFT','提交缺陷','REPORTED',1),(420,'2026-06-14 08:45:59.954460',97,'REPORTED','开始分诊','TRIAGING',2),(421,'2026-06-14 08:45:59.956663',97,'TRIAGING','已完成分诊，开始分析','ANALYZED',2),(422,'2026-06-14 08:45:59.959252',97,'ANALYZED','根因分析完成','PLANNED',2),(423,'2026-06-14 08:45:59.961469',97,'PLANNED','制定修复方案','IN_REPAIR',2),(424,'2026-06-14 08:45:59.963700',97,'IN_REPAIR','开始修复','FIXED',2),(425,'2026-06-14 08:45:59.966561',97,'FIXED','修复完成，提交验证','VERIFIED',2),(426,'2026-06-14 08:45:59.969392',97,'VERIFIED','QA已关闭缺陷','CLOSED',3),(427,'2026-06-14 08:45:59.983741',98,'DRAFT','提交缺陷','REPORTED',1),(428,'2026-06-14 08:45:59.985952',98,'REPORTED','开始分诊','TRIAGING',2),(429,'2026-06-14 08:45:59.989362',98,'TRIAGING','已完成分诊，开始分析','ANALYZED',2),(430,'2026-06-14 08:45:59.992188',98,'ANALYZED','根因分析完成','PLANNED',2),(431,'2026-06-14 08:45:59.994970',98,'PLANNED','制定修复方案','IN_REPAIR',2),(432,'2026-06-14 08:45:59.997740',98,'IN_REPAIR','开始修复','FIXED',2),(433,'2026-06-14 08:45:59.999961',98,'FIXED','修复完成，提交验证','VERIFIED',2),(434,'2026-06-14 08:46:00.002133',98,'VERIFIED','QA已关闭缺陷','CLOSED',3),(435,'2026-06-14 08:46:00.018169',99,'DRAFT','提交缺陷','REPORTED',1),(436,'2026-06-14 08:46:00.023385',99,'REPORTED','开始分诊','TRIAGING',2),(437,'2026-06-14 08:46:00.035418',99,'TRIAGING','已完成分诊，开始分析','ANALYZED',2),(438,'2026-06-14 08:46:00.041640',99,'ANALYZED','根因分析完成','PLANNED',2),(439,'2026-06-14 08:46:00.045031',99,'PLANNED','制定修复方案','IN_REPAIR',2),(440,'2026-06-14 08:46:00.047629',99,'IN_REPAIR','开始修复','FIXED',2),(441,'2026-06-14 08:46:00.050572',99,'FIXED','修复完成，提交验证','VERIFIED',2),(442,'2026-06-14 08:46:00.053374',99,'VERIFIED','QA已关闭缺陷','CLOSED',3),(443,'2026-06-14 08:46:00.068757',100,'DRAFT','提交缺陷','REPORTED',1),(444,'2026-06-14 08:46:00.070911',100,'REPORTED','开始分诊','TRIAGING',2),(445,'2026-06-14 08:46:00.073657',100,'TRIAGING','已完成分诊，开始分析','ANALYZED',2),(446,'2026-06-14 08:46:00.075370',100,'ANALYZED','根因分析完成','PLANNED',2),(447,'2026-06-14 08:46:00.076384',100,'PLANNED','制定修复方案','IN_REPAIR',2),(448,'2026-06-14 08:46:00.080077',100,'IN_REPAIR','开始修复','FIXED',2),(449,'2026-06-14 08:46:00.082714',100,'FIXED','修复完成，提交验证','VERIFIED',2),(450,'2026-06-14 08:46:00.086087',100,'VERIFIED','QA已关闭缺陷','CLOSED',3),(451,'2026-06-14 08:46:00.099201',101,'DRAFT','提交缺陷','REPORTED',1),(452,'2026-06-14 08:46:00.101412',101,'REPORTED','开始分诊','TRIAGING',2),(453,'2026-06-14 08:46:00.104926',101,'TRIAGING','已完成分诊，开始分析','ANALYZED',2),(454,'2026-06-14 08:46:00.107743',101,'ANALYZED','根因分析完成','PLANNED',2),(455,'2026-06-14 08:46:00.109952',101,'PLANNED','制定修复方案','IN_REPAIR',2),(456,'2026-06-14 08:46:00.112118',101,'IN_REPAIR','开始修复','FIXED',2),(457,'2026-06-14 08:46:00.113756',101,'FIXED','修复完成，提交验证','VERIFIED',2),(458,'2026-06-14 08:46:00.115378',101,'VERIFIED','验证通过','CLOSED',3),(459,'2026-06-14 08:46:00.117046',101,'CLOSED','验证不通过，重新打开','REOPENED',1),(460,'2026-06-14 08:46:00.120960',102,'DRAFT','提交缺陷','REPORTED',1),(461,'2026-06-14 08:46:00.123785',102,'REPORTED','开始分诊','TRIAGING',2),(462,'2026-06-14 08:46:00.127737',102,'TRIAGING','已完成分诊，开始分析','ANALYZED',2),(463,'2026-06-14 08:46:00.131062',102,'ANALYZED','根因分析完成','PLANNED',2),(464,'2026-06-14 08:46:00.133791',102,'PLANNED','制定修复方案','IN_REPAIR',2),(465,'2026-06-14 08:46:00.136042',102,'IN_REPAIR','开始修复','FIXED',2),(466,'2026-06-14 08:46:00.138285',102,'FIXED','修复完成，提交验证','VERIFIED',2),(467,'2026-06-14 08:46:00.140498',102,'VERIFIED','验证通过','CLOSED',3),(468,'2026-06-14 08:46:00.142419',102,'CLOSED','验证不通过，重新打开','REOPENED',1),(469,'2026-06-14 08:46:00.149062',103,'DRAFT','创建草稿','DRAFT',1),(470,'2026-06-14 08:46:00.154720',104,'DRAFT','创建草稿','DRAFT',1),(471,'2026-06-14 08:46:00.159105',105,'DRAFT','创建草稿','DRAFT',1),(472,'2026-06-14 08:46:00.163538',106,'DRAFT','创建草稿','DRAFT',1),(473,'2026-06-14 08:46:00.170411',107,'DRAFT','创建草稿','DRAFT',1),(474,'2026-06-14 08:46:00.175338',108,'DRAFT','已提交分诊','REPORTED',1),(475,'2026-06-14 08:46:00.192926',109,'DRAFT','已提交分诊','REPORTED',1),(476,'2026-06-14 08:46:00.201575',110,'DRAFT','已提交分诊','REPORTED',1),(477,'2026-06-14 08:46:00.208944',111,'DRAFT','已提交分诊','REPORTED',1),(478,'2026-06-14 08:46:00.221635',112,'DRAFT','已提交分诊','REPORTED',1),(479,'2026-06-14 08:46:00.229228',113,'DRAFT','已提交分诊','REPORTED',1),(480,'2026-06-14 08:46:00.234801',114,'DRAFT','已提交分诊','REPORTED',1),(481,'2026-06-14 08:46:00.240399',115,'DRAFT','已提交分诊','REPORTED',1),(482,'2026-06-14 08:46:00.244627',116,'DRAFT','提交缺陷','REPORTED',1),(483,'2026-06-14 08:46:00.247514',116,'REPORTED','分诊评估中','TRIAGING',2),(484,'2026-06-14 08:46:00.253901',117,'DRAFT','提交缺陷','REPORTED',1),(485,'2026-06-14 08:46:00.256803',117,'REPORTED','分诊评估中','TRIAGING',2),(486,'2026-06-14 08:46:00.262835',118,'DRAFT','提交缺陷','REPORTED',1),(487,'2026-06-14 08:46:00.265058',118,'REPORTED','分诊评估中','TRIAGING',2),(488,'2026-06-14 08:46:00.271488',119,'DRAFT','提交缺陷','REPORTED',1),(489,'2026-06-14 08:46:00.273122',119,'REPORTED','分诊评估中','TRIAGING',2),(490,'2026-06-14 08:46:00.278314',120,'DRAFT','提交缺陷','REPORTED',1),(491,'2026-06-14 08:46:00.280514',120,'REPORTED','分诊评估中','TRIAGING',2),(492,'2026-06-14 08:46:00.283933',121,'DRAFT','提交缺陷','REPORTED',1),(493,'2026-06-14 08:46:00.286207',121,'REPORTED','分诊评估中','TRIAGING',2),(494,'2026-06-14 08:46:00.292820',122,'DRAFT','提交缺陷','REPORTED',1),(495,'2026-06-14 08:46:00.295557',122,'REPORTED','分诊评估中','TRIAGING',2),(496,'2026-06-14 08:46:00.301633',123,'DRAFT','提交缺陷','REPORTED',1),(497,'2026-06-14 08:46:00.304625',123,'REPORTED','分诊评估中','TRIAGING',2),(498,'2026-06-14 08:46:00.309565',124,'DRAFT','提交缺陷','REPORTED',1),(499,'2026-06-14 08:46:00.312882',124,'REPORTED','开始分诊','TRIAGING',2),(500,'2026-06-14 08:46:00.315109',124,'TRIAGING','根因分析完成','ANALYZED',2),(501,'2026-06-14 08:46:00.318703',125,'DRAFT','提交缺陷','REPORTED',1),(502,'2026-06-14 08:46:00.321520',125,'REPORTED','开始分诊','TRIAGING',2),(503,'2026-06-14 08:46:00.324336',125,'TRIAGING','根因分析完成','ANALYZED',2),(504,'2026-06-14 08:46:00.331601',126,'DRAFT','提交缺陷','REPORTED',1),(505,'2026-06-14 08:46:00.333908',126,'REPORTED','开始分诊','TRIAGING',2),(506,'2026-06-14 08:46:00.337023',126,'TRIAGING','根因分析完成','ANALYZED',2),(507,'2026-06-14 08:46:00.342066',127,'DRAFT','提交缺陷','REPORTED',1),(508,'2026-06-14 08:46:00.344285',127,'REPORTED','开始分诊','TRIAGING',2),(509,'2026-06-14 08:46:00.345933',127,'TRIAGING','根因分析完成','ANALYZED',2),(510,'2026-06-14 08:46:00.356875',128,'DRAFT','提交缺陷','REPORTED',1),(511,'2026-06-14 08:46:00.359061',128,'REPORTED','开始分诊','TRIAGING',2),(512,'2026-06-14 08:46:00.360726',128,'TRIAGING','根因分析完成','ANALYZED',2),(513,'2026-06-14 08:46:00.364591',129,'DRAFT','提交缺陷','REPORTED',1),(514,'2026-06-14 08:46:00.367382',129,'REPORTED','开始分诊','TRIAGING',2),(515,'2026-06-14 08:46:00.369113',129,'TRIAGING','根因分析完成','ANALYZED',2),(516,'2026-06-14 08:46:00.373174',130,'DRAFT','提交缺陷','REPORTED',1),(517,'2026-06-14 08:46:00.375175',130,'REPORTED','开始分诊','TRIAGING',2),(518,'2026-06-14 08:46:00.378715',130,'TRIAGING','根因分析完成','ANALYZED',2),(519,'2026-06-14 08:46:00.384719',131,'DRAFT','提交缺陷','REPORTED',1),(520,'2026-06-14 08:46:00.386720',131,'REPORTED','开始分诊','TRIAGING',2),(521,'2026-06-14 08:46:00.390405',131,'TRIAGING','根因分析完成','ANALYZED',2),(522,'2026-06-14 08:46:00.399567',132,'DRAFT','提交缺陷','REPORTED',1),(523,'2026-06-14 08:46:00.402314',132,'REPORTED','开始分诊','TRIAGING',2),(524,'2026-06-14 08:46:00.403953',132,'TRIAGING','根因分析完成','ANALYZED',2),(525,'2026-06-14 08:46:00.407782',133,'DRAFT','提交缺陷','REPORTED',1),(526,'2026-06-14 08:46:00.409995',133,'REPORTED','开始分诊','TRIAGING',2),(527,'2026-06-14 08:46:00.413380',133,'TRIAGING','根因分析完成','ANALYZED',2),(528,'2026-06-14 08:46:00.418958',134,'DRAFT','提交缺陷','REPORTED',1),(529,'2026-06-14 08:46:00.420667',134,'REPORTED','开始分诊','TRIAGING',2),(530,'2026-06-14 08:46:00.422885',134,'TRIAGING','已完成分诊，开始分析','ANALYZED',2),(531,'2026-06-14 08:46:00.424518',134,'ANALYZED','修复方案已制定','PLANNED',2),(532,'2026-06-14 08:46:00.431523',135,'DRAFT','提交缺陷','REPORTED',1),(533,'2026-06-14 08:46:00.434292',135,'REPORTED','开始分诊','TRIAGING',2),(534,'2026-06-14 08:46:00.437245',135,'TRIAGING','已完成分诊，开始分析','ANALYZED',2),(535,'2026-06-14 08:46:00.440155',135,'ANALYZED','修复方案已制定','PLANNED',2),(536,'2026-06-14 08:46:00.447352',136,'DRAFT','提交缺陷','REPORTED',1),(537,'2026-06-14 08:46:00.450077',136,'REPORTED','开始分诊','TRIAGING',2),(538,'2026-06-14 08:46:00.453072',136,'TRIAGING','已完成分诊，开始分析','ANALYZED',2),(539,'2026-06-14 08:46:00.455330',136,'ANALYZED','修复方案已制定','PLANNED',2),(540,'2026-06-14 08:46:00.460524',137,'DRAFT','提交缺陷','REPORTED',1),(541,'2026-06-14 08:46:00.462756',137,'REPORTED','开始分诊','TRIAGING',2),(542,'2026-06-14 08:46:00.464594',137,'TRIAGING','已完成分诊，开始分析','ANALYZED',2),(543,'2026-06-14 08:46:00.466263',137,'ANALYZED','修复方案已制定','PLANNED',2),(544,'2026-06-14 08:46:00.472844',138,'DRAFT','提交缺陷','REPORTED',1),(545,'2026-06-14 08:46:00.475032',138,'REPORTED','开始分诊','TRIAGING',2),(546,'2026-06-14 08:46:00.477287',138,'TRIAGING','已完成分诊，开始分析','ANALYZED',2),(547,'2026-06-14 08:46:00.480132',138,'ANALYZED','修复方案已制定','PLANNED',2),(548,'2026-06-14 08:46:00.486924',139,'DRAFT','提交缺陷','REPORTED',1),(549,'2026-06-14 08:46:00.489539',139,'REPORTED','开始分诊','TRIAGING',2),(550,'2026-06-14 08:46:00.491799',139,'TRIAGING','已完成分诊，开始分析','ANALYZED',2),(551,'2026-06-14 08:46:00.494026',139,'ANALYZED','修复方案已制定','PLANNED',2),(552,'2026-06-14 08:46:00.499693',140,'DRAFT','提交缺陷','REPORTED',1),(553,'2026-06-14 08:46:00.503146',140,'REPORTED','开始分诊','TRIAGING',2),(554,'2026-06-14 08:46:00.504898',140,'TRIAGING','已完成分诊，开始分析','ANALYZED',2),(555,'2026-06-14 08:46:00.507112',140,'ANALYZED','根因分析完成','PLANNED',2),(556,'2026-06-14 08:46:00.509846',140,'PLANNED','修复中','IN_REPAIR',2),(557,'2026-06-14 08:46:00.516685',141,'DRAFT','提交缺陷','REPORTED',1),(558,'2026-06-14 08:46:00.519549',141,'REPORTED','开始分诊','TRIAGING',2),(559,'2026-06-14 08:46:00.521954',141,'TRIAGING','已完成分诊，开始分析','ANALYZED',2),(560,'2026-06-14 08:46:00.524180',141,'ANALYZED','根因分析完成','PLANNED',2),(561,'2026-06-14 08:46:00.526420',141,'PLANNED','修复中','IN_REPAIR',2),(562,'2026-06-14 08:46:00.530260',142,'DRAFT','提交缺陷','REPORTED',1),(563,'2026-06-14 08:46:00.532435',142,'REPORTED','开始分诊','TRIAGING',2),(564,'2026-06-14 08:46:00.535440',142,'TRIAGING','已完成分诊，开始分析','ANALYZED',2),(565,'2026-06-14 08:46:00.538261',142,'ANALYZED','根因分析完成','PLANNED',2),(566,'2026-06-14 08:46:00.540472',142,'PLANNED','修复中','IN_REPAIR',2),(567,'2026-06-14 08:46:00.544534',143,'DRAFT','提交缺陷','REPORTED',1),(568,'2026-06-14 08:46:00.546708',143,'REPORTED','开始分诊','TRIAGING',2),(569,'2026-06-14 08:46:00.548904',143,'TRIAGING','已完成分诊，开始分析','ANALYZED',2),(570,'2026-06-14 08:46:00.553826',143,'ANALYZED','根因分析完成','PLANNED',2),(571,'2026-06-14 08:46:00.556050',143,'PLANNED','修复中','IN_REPAIR',2),(572,'2026-06-14 08:46:00.561455',144,'DRAFT','提交缺陷','REPORTED',1),(573,'2026-06-14 08:46:00.564445',144,'REPORTED','开始分诊','TRIAGING',2),(574,'2026-06-14 08:46:00.567420',144,'TRIAGING','已完成分诊，开始分析','ANALYZED',2),(575,'2026-06-14 08:46:00.569618',144,'ANALYZED','根因分析完成','PLANNED',2),(576,'2026-06-14 08:46:00.571804',144,'PLANNED','修复中','IN_REPAIR',2),(577,'2026-06-14 08:46:00.575834',145,'DRAFT','提交缺陷','REPORTED',1),(578,'2026-06-14 08:46:00.577544',145,'REPORTED','开始分诊','TRIAGING',2),(579,'2026-06-14 08:46:00.579757',145,'TRIAGING','已完成分诊，开始分析','ANALYZED',2),(580,'2026-06-14 08:46:00.581503',145,'ANALYZED','根因分析完成','PLANNED',2),(581,'2026-06-14 08:46:00.583757',145,'PLANNED','修复中','IN_REPAIR',2),(582,'2026-06-14 08:46:00.589901',146,'DRAFT','提交缺陷','REPORTED',1),(583,'2026-06-14 08:46:00.591537',146,'REPORTED','开始分诊','TRIAGING',2),(584,'2026-06-14 08:46:00.593756',146,'TRIAGING','已完成分诊，开始分析','ANALYZED',2),(585,'2026-06-14 08:46:00.595389',146,'ANALYZED','根因分析完成','PLANNED',2),(586,'2026-06-14 08:46:00.597303',146,'PLANNED','修复中','IN_REPAIR',2),(587,'2026-06-14 08:46:00.600588',147,'DRAFT','提交缺陷','REPORTED',1),(588,'2026-06-14 08:46:00.602733',147,'REPORTED','开始分诊','TRIAGING',2),(589,'2026-06-14 08:46:00.604362',147,'TRIAGING','已完成分诊，开始分析','ANALYZED',2),(590,'2026-06-14 08:46:00.606779',147,'ANALYZED','根因分析完成','PLANNED',2),(591,'2026-06-14 08:46:00.610290',147,'PLANNED','修复中','IN_REPAIR',2),(592,'2026-06-14 08:46:00.616692',148,'DRAFT','提交缺陷','REPORTED',1),(593,'2026-06-14 08:46:00.618325',148,'REPORTED','开始分诊','TRIAGING',2),(594,'2026-06-14 08:46:00.621132',148,'TRIAGING','已完成分诊，开始分析','ANALYZED',2),(595,'2026-06-14 08:46:00.623331',148,'ANALYZED','根因分析完成','PLANNED',2),(596,'2026-06-14 08:46:00.625566',148,'PLANNED','修复中','IN_REPAIR',2),(597,'2026-06-14 08:46:00.629086',149,'DRAFT','提交缺陷','REPORTED',1),(598,'2026-06-14 08:46:00.630797',149,'REPORTED','开始分诊','TRIAGING',2),(599,'2026-06-14 08:46:00.632451',149,'TRIAGING','已完成分诊，开始分析','ANALYZED',2),(600,'2026-06-14 08:46:00.635255',149,'ANALYZED','根因分析完成','PLANNED',2),(601,'2026-06-14 08:46:00.637494',149,'PLANNED','修复中','IN_REPAIR',2),(602,'2026-06-14 08:46:00.641634',150,'DRAFT','提交缺陷','REPORTED',1),(603,'2026-06-14 08:46:00.643631',150,'REPORTED','开始分诊','TRIAGING',2),(604,'2026-06-14 08:46:00.645604',150,'TRIAGING','已完成分诊，开始分析','ANALYZED',2),(605,'2026-06-14 08:46:00.647773',150,'ANALYZED','根因分析完成','PLANNED',2),(606,'2026-06-14 08:46:00.649398',150,'PLANNED','制定修复方案','IN_REPAIR',2),(607,'2026-06-14 08:46:00.651028',150,'IN_REPAIR','修复完成','FIXED',2),(608,'2026-06-14 08:46:00.654333',151,'DRAFT','提交缺陷','REPORTED',1),(609,'2026-06-14 08:46:00.655965',151,'REPORTED','开始分诊','TRIAGING',2),(610,'2026-06-14 08:46:00.657979',151,'TRIAGING','已完成分诊，开始分析','ANALYZED',2),(611,'2026-06-14 08:46:00.660193',151,'ANALYZED','根因分析完成','PLANNED',2),(612,'2026-06-14 08:46:00.663906',151,'PLANNED','制定修复方案','IN_REPAIR',2),(613,'2026-06-14 08:46:00.666569',151,'IN_REPAIR','修复完成','FIXED',2),(614,'2026-06-14 08:46:00.671068',152,'DRAFT','提交缺陷','REPORTED',1),(615,'2026-06-14 08:46:00.673850',152,'REPORTED','开始分诊','TRIAGING',2),(616,'2026-06-14 08:46:00.676035',152,'TRIAGING','已完成分诊，开始分析','ANALYZED',2),(617,'2026-06-14 08:46:00.677698',152,'ANALYZED','根因分析完成','PLANNED',2),(618,'2026-06-14 08:46:00.679958',152,'PLANNED','制定修复方案','IN_REPAIR',2),(619,'2026-06-14 08:46:00.682229',152,'IN_REPAIR','修复完成','FIXED',2),(620,'2026-06-14 08:46:00.687338',153,'DRAFT','提交缺陷','REPORTED',1),(621,'2026-06-14 08:46:00.689602',153,'REPORTED','开始分诊','TRIAGING',2),(622,'2026-06-14 08:46:00.691826',153,'TRIAGING','已完成分诊，开始分析','ANALYZED',2),(623,'2026-06-14 08:46:00.693454',153,'ANALYZED','根因分析完成','PLANNED',2),(624,'2026-06-14 08:46:00.695080',153,'PLANNED','制定修复方案','IN_REPAIR',2),(625,'2026-06-14 08:46:00.696178',153,'IN_REPAIR','修复完成','FIXED',2),(626,'2026-06-14 08:46:00.700826',154,'DRAFT','提交缺陷','REPORTED',1),(627,'2026-06-14 08:46:00.702332',154,'REPORTED','开始分诊','TRIAGING',2),(628,'2026-06-14 08:46:00.704035',154,'TRIAGING','已完成分诊，开始分析','ANALYZED',2),(629,'2026-06-14 08:46:00.705665',154,'ANALYZED','根因分析完成','PLANNED',2),(630,'2026-06-14 08:46:00.708519',154,'PLANNED','制定修复方案','IN_REPAIR',2),(631,'2026-06-14 08:46:00.711446',154,'IN_REPAIR','修复完成','FIXED',2),(632,'2026-06-14 08:46:00.716966',155,'DRAFT','提交缺陷','REPORTED',1),(633,'2026-06-14 08:46:00.718597',155,'REPORTED','开始分诊','TRIAGING',2),(634,'2026-06-14 08:46:00.720909',155,'TRIAGING','已完成分诊，开始分析','ANALYZED',2),(635,'2026-06-14 08:46:00.723135',155,'ANALYZED','根因分析完成','PLANNED',2),(636,'2026-06-14 08:46:00.724793',155,'PLANNED','制定修复方案','IN_REPAIR',2),(637,'2026-06-14 08:46:00.727733',155,'IN_REPAIR','修复完成','FIXED',2),(638,'2026-06-14 08:46:00.733892',156,'DRAFT','提交缺陷','REPORTED',1),(639,'2026-06-14 08:46:00.737147',156,'REPORTED','开始分诊','TRIAGING',2),(640,'2026-06-14 08:46:00.739433',156,'TRIAGING','已完成分诊，开始分析','ANALYZED',2),(641,'2026-06-14 08:46:00.741634',156,'ANALYZED','根因分析完成','PLANNED',2),(642,'2026-06-14 08:46:00.744379',156,'PLANNED','制定修复方案','IN_REPAIR',2),(643,'2026-06-14 08:46:00.747275',156,'IN_REPAIR','修复完成','FIXED',2),(644,'2026-06-14 08:46:00.752317',157,'DRAFT','提交缺陷','REPORTED',1),(645,'2026-06-14 08:46:00.755262',157,'REPORTED','开始分诊','TRIAGING',2),(646,'2026-06-14 08:46:00.758229',157,'TRIAGING','已完成分诊，开始分析','ANALYZED',2),(647,'2026-06-14 08:46:00.761077',157,'ANALYZED','根因分析完成','PLANNED',2),(648,'2026-06-14 08:46:00.763282',157,'PLANNED','制定修复方案','IN_REPAIR',2),(649,'2026-06-14 08:46:00.765446',157,'IN_REPAIR','修复完成','FIXED',2),(650,'2026-06-14 08:46:00.771650',158,'DRAFT','提交缺陷','REPORTED',1),(651,'2026-06-14 08:46:00.773892',158,'REPORTED','开始分诊','TRIAGING',2),(652,'2026-06-14 08:46:00.777345',158,'TRIAGING','已完成分诊，开始分析','ANALYZED',2),(653,'2026-06-14 08:46:00.780248',158,'ANALYZED','根因分析完成','PLANNED',2),(654,'2026-06-14 08:46:00.782529',158,'PLANNED','制定修复方案','IN_REPAIR',2),(655,'2026-06-14 08:46:00.784803',158,'IN_REPAIR','开始修复','FIXED',2),(656,'2026-06-14 08:46:00.787668',158,'FIXED','QA验证通过','VERIFIED',3),(657,'2026-06-14 08:46:00.792094',159,'DRAFT','提交缺陷','REPORTED',1),(658,'2026-06-14 08:46:00.794343',159,'REPORTED','开始分诊','TRIAGING',2),(659,'2026-06-14 08:46:00.796883',159,'TRIAGING','已完成分诊，开始分析','ANALYZED',2),(660,'2026-06-14 08:46:00.799737',159,'ANALYZED','根因分析完成','PLANNED',2),(661,'2026-06-14 08:46:00.802545',159,'PLANNED','制定修复方案','IN_REPAIR',2),(662,'2026-06-14 08:46:00.804229',159,'IN_REPAIR','开始修复','FIXED',2),(663,'2026-06-14 08:46:00.806405',159,'FIXED','QA验证通过','VERIFIED',3),(664,'2026-06-14 08:46:00.810348',160,'DRAFT','提交缺陷','REPORTED',1),(665,'2026-06-14 08:46:00.814320',160,'REPORTED','开始分诊','TRIAGING',2),(666,'2026-06-14 08:46:00.817315',160,'TRIAGING','已完成分诊，开始分析','ANALYZED',2),(667,'2026-06-14 08:46:00.820157',160,'ANALYZED','根因分析完成','PLANNED',2),(668,'2026-06-14 08:46:00.822388',160,'PLANNED','制定修复方案','IN_REPAIR',2),(669,'2026-06-14 08:46:00.824031',160,'IN_REPAIR','开始修复','FIXED',2),(670,'2026-06-14 08:46:00.825684',160,'FIXED','QA验证通过','VERIFIED',3),(671,'2026-06-14 08:46:00.830960',161,'DRAFT','提交缺陷','REPORTED',1),(672,'2026-06-14 08:46:00.832529',161,'REPORTED','开始分诊','TRIAGING',2),(673,'2026-06-14 08:46:00.834907',161,'TRIAGING','已完成分诊，开始分析','ANALYZED',2),(674,'2026-06-14 08:46:00.837679',161,'ANALYZED','根因分析完成','PLANNED',2),(675,'2026-06-14 08:46:00.839944',161,'PLANNED','制定修复方案','IN_REPAIR',2),(676,'2026-06-14 08:46:00.842203',161,'IN_REPAIR','开始修复','FIXED',2),(677,'2026-06-14 08:46:00.844519',161,'FIXED','QA验证通过','VERIFIED',3),(678,'2026-06-14 08:46:00.848495',162,'DRAFT','提交缺陷','REPORTED',1),(679,'2026-06-14 08:46:00.850216',162,'REPORTED','开始分诊','TRIAGING',2),(680,'2026-06-14 08:46:00.852363',162,'TRIAGING','已完成分诊，开始分析','ANALYZED',2),(681,'2026-06-14 08:46:00.853998',162,'ANALYZED','根因分析完成','PLANNED',2),(682,'2026-06-14 08:46:00.856789',162,'PLANNED','制定修复方案','IN_REPAIR',2),(683,'2026-06-14 08:46:00.860035',162,'IN_REPAIR','开始修复','FIXED',2),(684,'2026-06-14 08:46:00.862974',162,'FIXED','QA验证通过','VERIFIED',3),(685,'2026-06-14 08:46:00.868056',163,'DRAFT','提交缺陷','REPORTED',1),(686,'2026-06-14 08:46:00.870297',163,'REPORTED','开始分诊','TRIAGING',2),(687,'2026-06-14 08:46:00.872313',163,'TRIAGING','已完成分诊，开始分析','ANALYZED',2),(688,'2026-06-14 08:46:00.874515',163,'ANALYZED','根因分析完成','PLANNED',2),(689,'2026-06-14 08:46:00.876751',163,'PLANNED','制定修复方案','IN_REPAIR',2),(690,'2026-06-14 08:46:00.879797',163,'IN_REPAIR','开始修复','FIXED',2),(691,'2026-06-14 08:46:00.883134',163,'FIXED','QA验证通过','VERIFIED',3),(692,'2026-06-14 08:46:00.887509',164,'DRAFT','提交缺陷','REPORTED',1),(693,'2026-06-14 08:46:00.890816',164,'REPORTED','开始分诊','TRIAGING',2),(694,'2026-06-14 08:46:00.893820',164,'TRIAGING','已完成分诊，开始分析','ANALYZED',2),(695,'2026-06-14 08:46:00.898322',164,'ANALYZED','根因分析完成','PLANNED',2),(696,'2026-06-14 08:46:00.900713',164,'PLANNED','制定修复方案','IN_REPAIR',2),(697,'2026-06-14 08:46:00.902958',164,'IN_REPAIR','开始修复','FIXED',2),(698,'2026-06-14 08:46:00.905829',164,'FIXED','修复完成，提交验证','VERIFIED',2),(699,'2026-06-14 08:46:00.908124',164,'VERIFIED','QA已关闭缺陷','CLOSED',3),(700,'2026-06-14 08:46:00.923724',165,'DRAFT','提交缺陷','REPORTED',1),(701,'2026-06-14 08:46:00.925406',165,'REPORTED','开始分诊','TRIAGING',2),(702,'2026-06-14 08:46:00.928307',165,'TRIAGING','已完成分诊，开始分析','ANALYZED',2),(703,'2026-06-14 08:46:00.929918',165,'ANALYZED','根因分析完成','PLANNED',2),(704,'2026-06-14 08:46:00.932159',165,'PLANNED','制定修复方案','IN_REPAIR',2),(705,'2026-06-14 08:46:00.933763',165,'IN_REPAIR','开始修复','FIXED',2),(706,'2026-06-14 08:46:00.935492',165,'FIXED','修复完成，提交验证','VERIFIED',2),(707,'2026-06-14 08:46:00.937836',165,'VERIFIED','QA已关闭缺陷','CLOSED',3),(708,'2026-06-14 08:46:00.953400',166,'DRAFT','提交缺陷','REPORTED',1),(709,'2026-06-14 08:46:00.956163',166,'REPORTED','开始分诊','TRIAGING',2),(710,'2026-06-14 08:46:00.958353',166,'TRIAGING','已完成分诊，开始分析','ANALYZED',2),(711,'2026-06-14 08:46:00.960564',166,'ANALYZED','根因分析完成','PLANNED',2),(712,'2026-06-14 08:46:00.964180',166,'PLANNED','制定修复方案','IN_REPAIR',2),(713,'2026-06-14 08:46:00.966410',166,'IN_REPAIR','开始修复','FIXED',2),(714,'2026-06-14 08:46:00.969237',166,'FIXED','修复完成，提交验证','VERIFIED',2),(715,'2026-06-14 08:46:00.970879',166,'VERIFIED','QA已关闭缺陷','CLOSED',3),(716,'2026-06-14 08:46:00.987268',167,'DRAFT','提交缺陷','REPORTED',1),(717,'2026-06-14 08:46:00.988922',167,'REPORTED','开始分诊','TRIAGING',2),(718,'2026-06-14 08:46:00.990550',167,'TRIAGING','已完成分诊，开始分析','ANALYZED',2),(719,'2026-06-14 08:46:00.992170',167,'ANALYZED','根因分析完成','PLANNED',2),(720,'2026-06-14 08:46:00.994448',167,'PLANNED','制定修复方案','IN_REPAIR',2),(721,'2026-06-14 08:46:00.997378',167,'IN_REPAIR','开始修复','FIXED',2),(722,'2026-06-14 08:46:01.000244',167,'FIXED','修复完成，提交验证','VERIFIED',2),(723,'2026-06-14 08:46:01.002564',167,'VERIFIED','QA已关闭缺陷','CLOSED',3),(724,'2026-06-14 08:46:01.022784',168,'DRAFT','提交缺陷','REPORTED',1),(725,'2026-06-14 08:46:01.025485',168,'REPORTED','开始分诊','TRIAGING',2),(726,'2026-06-14 08:46:01.027952',168,'TRIAGING','已完成分诊，开始分析','ANALYZED',2),(727,'2026-06-14 08:46:01.031230',168,'ANALYZED','根因分析完成','PLANNED',2),(728,'2026-06-14 08:46:01.033407',168,'PLANNED','制定修复方案','IN_REPAIR',2),(729,'2026-06-14 08:46:01.035073',168,'IN_REPAIR','开始修复','FIXED',2),(730,'2026-06-14 08:46:01.037719',168,'FIXED','修复完成，提交验证','VERIFIED',2),(731,'2026-06-14 08:46:01.040458',168,'VERIFIED','QA已关闭缺陷','CLOSED',3),(732,'2026-06-14 08:46:01.054344',169,'DRAFT','提交缺陷','REPORTED',1),(733,'2026-06-14 08:46:01.057199',169,'REPORTED','开始分诊','TRIAGING',2),(734,'2026-06-14 08:46:01.064208',169,'TRIAGING','已完成分诊，开始分析','ANALYZED',2),(735,'2026-06-14 08:46:01.066954',169,'ANALYZED','根因分析完成','PLANNED',2),(736,'2026-06-14 08:46:01.069252',169,'PLANNED','制定修复方案','IN_REPAIR',2),(737,'2026-06-14 08:46:01.071448',169,'IN_REPAIR','开始修复','FIXED',2),(738,'2026-06-14 08:46:01.075039',169,'FIXED','修复完成，提交验证','VERIFIED',2),(739,'2026-06-14 08:46:01.077930',169,'VERIFIED','QA已关闭缺陷','CLOSED',3),(740,'2026-06-14 08:46:01.090205',170,'DRAFT','提交缺陷','REPORTED',1),(741,'2026-06-14 08:46:01.092466',170,'REPORTED','开始分诊','TRIAGING',2),(742,'2026-06-14 08:46:01.094688',170,'TRIAGING','已完成分诊，开始分析','ANALYZED',2),(743,'2026-06-14 08:46:01.096877',170,'ANALYZED','根因分析完成','PLANNED',2),(744,'2026-06-14 08:46:01.099091',170,'PLANNED','制定修复方案','IN_REPAIR',2),(745,'2026-06-14 08:46:01.101339',170,'IN_REPAIR','开始修复','FIXED',2),(746,'2026-06-14 08:46:01.103571',170,'FIXED','修复完成，提交验证','VERIFIED',2),(747,'2026-06-14 08:46:01.105279',170,'VERIFIED','QA已关闭缺陷','CLOSED',3),(748,'2026-06-14 08:46:01.118498',171,'DRAFT','提交缺陷','REPORTED',1),(749,'2026-06-14 08:46:01.121413',171,'REPORTED','开始分诊','TRIAGING',2),(750,'2026-06-14 08:46:01.123655',171,'TRIAGING','已完成分诊，开始分析','ANALYZED',2),(751,'2026-06-14 08:46:01.125854',171,'ANALYZED','根因分析完成','PLANNED',2),(752,'2026-06-14 08:46:01.128717',171,'PLANNED','制定修复方案','IN_REPAIR',2),(753,'2026-06-14 08:46:01.131569',171,'IN_REPAIR','开始修复','FIXED',2),(754,'2026-06-14 08:46:01.133763',171,'FIXED','修复完成，提交验证','VERIFIED',2),(755,'2026-06-14 08:46:01.135473',171,'VERIFIED','QA已关闭缺陷','CLOSED',3),(756,'2026-06-14 08:46:01.149377',172,'DRAFT','提交缺陷','REPORTED',1),(757,'2026-06-14 08:46:01.152778',172,'REPORTED','开始分诊','TRIAGING',2),(758,'2026-06-14 08:46:01.155520',172,'TRIAGING','已完成分诊，开始分析','ANALYZED',2),(759,'2026-06-14 08:46:01.157704',172,'ANALYZED','根因分析完成','PLANNED',2),(760,'2026-06-14 08:46:01.160444',172,'PLANNED','制定修复方案','IN_REPAIR',2),(761,'2026-06-14 08:46:01.162653',172,'IN_REPAIR','开始修复','FIXED',2),(762,'2026-06-14 08:46:01.164953',172,'FIXED','修复完成，提交验证','VERIFIED',2),(763,'2026-06-14 08:46:01.167948',172,'VERIFIED','QA已关闭缺陷','CLOSED',3),(764,'2026-06-14 08:46:01.180035',173,'DRAFT','提交缺陷','REPORTED',1),(765,'2026-06-14 08:46:01.183540',173,'REPORTED','开始分诊','TRIAGING',2),(766,'2026-06-14 08:46:01.185878',173,'TRIAGING','已完成分诊，开始分析','ANALYZED',2),(767,'2026-06-14 08:46:01.187904',173,'ANALYZED','根因分析完成','PLANNED',2),(768,'2026-06-14 08:46:01.190096',173,'PLANNED','制定修复方案','IN_REPAIR',2),(769,'2026-06-14 08:46:01.192281',173,'IN_REPAIR','开始修复','FIXED',2),(770,'2026-06-14 08:46:01.194505',173,'FIXED','修复完成，提交验证','VERIFIED',2),(771,'2026-06-14 08:46:01.196925',173,'VERIFIED','QA已关闭缺陷','CLOSED',3),(772,'2026-06-14 08:46:01.214246',174,'DRAFT','提交缺陷','REPORTED',1),(773,'2026-06-14 08:46:01.217362',174,'REPORTED','开始分诊','TRIAGING',2),(774,'2026-06-14 08:46:01.219483',174,'TRIAGING','已完成分诊，开始分析','ANALYZED',2),(775,'2026-06-14 08:46:01.222179',174,'ANALYZED','根因分析完成','PLANNED',2),(776,'2026-06-14 08:46:01.224169',174,'PLANNED','制定修复方案','IN_REPAIR',2),(777,'2026-06-14 08:46:01.226327',174,'IN_REPAIR','开始修复','FIXED',2),(778,'2026-06-14 08:46:01.228329',174,'FIXED','修复完成，提交验证','VERIFIED',2),(779,'2026-06-14 08:46:01.231856',174,'VERIFIED','QA已关闭缺陷','CLOSED',3),(780,'2026-06-14 08:46:01.246708',175,'DRAFT','提交缺陷','REPORTED',1),(781,'2026-06-14 08:46:01.249549',175,'REPORTED','开始分诊','TRIAGING',2),(782,'2026-06-14 08:46:01.252395',175,'TRIAGING','已完成分诊，开始分析','ANALYZED',2),(783,'2026-06-14 08:46:01.255881',175,'ANALYZED','根因分析完成','PLANNED',2),(784,'2026-06-14 08:46:01.257912',175,'PLANNED','制定修复方案','IN_REPAIR',2),(785,'2026-06-14 08:46:01.260746',175,'IN_REPAIR','开始修复','FIXED',2),(786,'2026-06-14 08:46:01.262955',175,'FIXED','修复完成，提交验证','VERIFIED',2),(787,'2026-06-14 08:46:01.265190',175,'VERIFIED','QA已关闭缺陷','CLOSED',3),(788,'2026-06-14 08:46:01.276318',176,'DRAFT','提交缺陷','REPORTED',1),(789,'2026-06-14 08:46:01.278617',176,'REPORTED','开始分诊','TRIAGING',2),(790,'2026-06-14 08:46:01.281360',176,'TRIAGING','已完成分诊，开始分析','ANALYZED',2),(791,'2026-06-14 08:46:01.283692',176,'ANALYZED','根因分析完成','PLANNED',2),(792,'2026-06-14 08:46:01.285355',176,'PLANNED','制定修复方案','IN_REPAIR',2),(793,'2026-06-14 08:46:01.287633',176,'IN_REPAIR','开始修复','FIXED',2),(794,'2026-06-14 08:46:01.289840',176,'FIXED','修复完成，提交验证','VERIFIED',2),(795,'2026-06-14 08:46:01.292658',176,'VERIFIED','验证通过','CLOSED',3),(796,'2026-06-14 08:46:01.295828',176,'CLOSED','验证不通过重新打开','REOPENED',1),(797,'2026-06-14 08:46:01.303310',177,'DRAFT','提交缺陷','REPORTED',1),(798,'2026-06-14 08:46:01.306067',177,'REPORTED','开始分诊','TRIAGING',2),(799,'2026-06-14 08:46:01.308356',177,'TRIAGING','已完成分诊，开始分析','ANALYZED',2),(800,'2026-06-14 08:46:01.310626',177,'ANALYZED','根因分析完成','PLANNED',2),(801,'2026-06-14 08:46:01.312808',177,'PLANNED','制定修复方案','IN_REPAIR',2),(802,'2026-06-14 08:46:01.314993',177,'IN_REPAIR','开始修复','FIXED',2),(803,'2026-06-14 08:46:01.317819',177,'FIXED','修复完成，提交验证','VERIFIED',2),(804,'2026-06-14 08:46:01.320116',177,'VERIFIED','验证通过','CLOSED',3),(805,'2026-06-14 08:46:01.322139',177,'CLOSED','验证不通过重新打开','REOPENED',1);
/*!40000 ALTER TABLE `state_transitions` ENABLE KEYS */;
UNLOCK TABLES;

--
-- Table structure for table `users`
--

DROP TABLE IF EXISTS `users`;
/*!40101 SET @saved_cs_client     = @@character_set_client */;
/*!50503 SET character_set_client = utf8mb4 */;
CREATE TABLE `users` (
  `id` bigint NOT NULL AUTO_INCREMENT,
  `created_at` datetime(6) DEFAULT NULL,
  `display_name` varchar(255) NOT NULL,
  `password` varchar(255) NOT NULL,
  `role` enum('ENGINEER','QA','SUBMITTER') NOT NULL,
  `username` varchar(255) NOT NULL,
  PRIMARY KEY (`id`),
  UNIQUE KEY `UKr43af9ap4edm43mmtq01oddj6` (`username`)
) ENGINE=InnoDB AUTO_INCREMENT=4 DEFAULT CHARSET=utf8mb4 COLLATE=utf8mb4_0900_ai_ci;
/*!40101 SET character_set_client = @saved_cs_client */;

--
-- Dumping data for table `users`
--

LOCK TABLES `users` WRITE;
/*!40000 ALTER TABLE `users` DISABLE KEYS */;
INSERT INTO `users` VALUES (1,'2026-06-14 08:45:57.993731','张三(提交人)','$2a$10$KxGDY8HL4dbP4ovIF7rM7uiQA2CxmWlNa1FRMwdzQwkkiIL9wBYaq','SUBMITTER','submitter'),(2,'2026-06-14 08:45:58.099985','李四(工程师)','$2a$10$395FaYaubWPdc3yT2ELnUuGf9NP8xjlmzD4bg/tvtYrnrmklmRiOa','ENGINEER','engineer'),(3,'2026-06-14 08:45:58.176737','王五(QA)','$2a$10$liWzQvH38BeYLpVxIcVlPeVijM0gpAa2j1a.z3P7cCLrpiYck3hcq','QA','qa');
/*!40000 ALTER TABLE `users` ENABLE KEYS */;
UNLOCK TABLES;

--
-- Dumping routines for database 'defect_triage'
--
/*!40103 SET TIME_ZONE=@OLD_TIME_ZONE */;

/*!40101 SET SQL_MODE=@OLD_SQL_MODE */;
/*!40014 SET FOREIGN_KEY_CHECKS=@OLD_FOREIGN_KEY_CHECKS */;
/*!40014 SET UNIQUE_CHECKS=@OLD_UNIQUE_CHECKS */;
/*!40101 SET CHARACTER_SET_CLIENT=@OLD_CHARACTER_SET_CLIENT */;
/*!40101 SET CHARACTER_SET_RESULTS=@OLD_CHARACTER_SET_RESULTS */;
/*!40101 SET COLLATION_CONNECTION=@OLD_COLLATION_CONNECTION */;
/*!40111 SET SQL_NOTES=@OLD_SQL_NOTES */;

-- Dump completed on 2026-06-14  9:11:47
